Id,Name,B_Date,Gotra,Occupation,City,Height,BioData,Photo,
1,Harish Kotkar,11-May-2020 10.10 PM,Kashayp,Engineer,Mumbai,5'5'',,,
2,Harish Kotkar,11-May-2020 10.10 PM,Kashayp,Engineer,Pune,5'5'',,,
3,Harish Kotkar,11-May-2020 10.10 PM,Kashayp,Engineer,Nasik,5'5'',,,
4,Harish Kotkar,11-May-2020 10.10 PM,Kashayp,Engineer,Nagpur,5'5'',,,
5,Harish Kotkar,11-May-2020 10.10 PM,Kashayp,Engineer,Aurangabad,5'5'',,,
6,Harish Kotkar,11-May-2020 10.10 PM,Kashayp,Engineer,Dhule,5'5'',,,
7,Harish Kotkar,11-May-2020 10.10 PM,Kashayp,Engineer,Jalgaon,5'5'',,,
8,Harish Kotkar,11-May-2020 10.10 PM,Kashayp,Engineer,Nandurbar,5'5'',,,
9,Harish Kotkar,11-May-2020 10.10 PM,Kashayp,Engineer,Surat,5'5'',,,
10,Harish Kotkar,11-May-2020 10.10 PM,Kashayp,Engineer,ForeignCountry,5'5'',,,
11,Harish Kotkar,11-May-2020 10.10 PM,Kashayp,Engineer,Other,5'5'',,,
12,Harish Kotkar,11-May-2020 10.10 PM,Kashayp,Doctor,Mumbai,5'5'',,,
13,Harish Kotkar,11-May-2020 10.10 PM,Kashayp,Doctor,Pune,5'5'',,,
14,Harish Kotkar,11-May-2020 10.10 PM,Kashayp,Doctor,Nasik,5'5'',,,
15,Harish Kotkar,11-May-2020 10.10 PM,Kashayp,Doctor,Nagpur,5'5'',,,
16,Harish Kotkar,11-May-2020 10.10 PM,Kashayp,Doctor,Aurangabad,5'5'',,,
17,Harish Kotkar,11-May-2020 10.10 PM,Kashayp,Doctor,Dhule,5'5'',,,
18,Harish Kotkar,11-May-2020 10.10 PM,Kashayp,Doctor,Jalgaon,5'5'',,,
19,Harish Kotkar,11-May-2020 10.10 PM,Kashayp,Doctor,Nandurbar,5'5'',,,
20,Harish Kotkar,11-May-2020 10.10 PM,Kashayp,Doctor,Surat,5'5'',,,
21,Harish Kotkar,11-May-2020 10.10 PM,Kashayp,Doctor,ForeignCountry,5'5'',,,
22,Harish Kotkar,11-May-2020 10.10 PM,Kashayp,Doctor,Other,5'5'',,,
23,Harish Kotkar,11-May-2020 10.10 PM,Kashayp,CA,Mumbai,5'5'',,,
24,Harish Kotkar,11-May-2020 10.10 PM,Kashayp,CA,Pune,5'5'',,,
25,Harish Kotkar,11-May-2020 10.10 PM,Kashayp,CA,Nasik,5'5'',,,
26,Harish Kotkar,11-May-2020 10.10 PM,Kashayp,CA,Nagpur,5'5'',,,
27,Harish Kotkar,11-May-2020 10.10 PM,Kashayp,CA,Aurangabad,5'5'',,,
28,Harish Kotkar,11-May-2020 10.10 PM,Kashayp,CA,Dhule,5'5'',,,
29,Harish Kotkar,11-May-2020 10.10 PM,Kashayp,CA,Jalgaon,5'5'',,,
30,Harish Kotkar,11-May-2020 10.10 PM,Kashayp,CA,Nandurbar,5'5'',,,
31,Harish Kotkar,11-May-2020 10.10 PM,Kashayp,CA,Surat,5'5'',,,
32,Harish Kotkar,11-May-2020 10.10 PM,Kashayp,CA,ForeignCountry,5'5'',,,
33,Harish Kotkar,11-May-2020 10.10 PM,Kashayp,CA,Other,5'5'',,,
34,Harish Kotkar,11-May-2020 10.10 PM,Kashayp,Businessman,Mumbai,5'5'',,,
35,Harish Kotkar,11-May-2020 10.10 PM,Kashayp,Businessman,Pune,5'5'',,,
36,Harish Kotkar,11-May-2020 10.10 PM,Kashayp,Businessman,Nasik,5'5'',,,
37,Harish Kotkar,11-May-2020 10.10 PM,Kashayp,Businessman,Nagpur,5'5'',,,
38,Harish Kotkar,11-May-2020 10.10 PM,Kashayp,Businessman,Aurangabad,5'5'',,,
39,Harish Kotkar,11-May-2020 10.10 PM,Kashayp,Businessman,Dhule,5'5'',,,
40,Harish Kotkar,11-May-2020 10.10 PM,Kashayp,Businessman,Jalgaon,5'5'',,,
41,Harish Kotkar,11-May-2020 10.10 PM,Kashayp,Businessman,Nandurbar,5'5'',,,
42,Harish Kotkar,11-May-2020 10.10 PM,Kashayp,Businessman,Surat,5'5'',,,
43,Harish Kotkar,11-May-2020 10.10 PM,Kashayp,Businessman,ForeignCountry,5'5'',,,
44,Harish Kotkar,11-May-2020 10.10 PM,Kashayp,Businessman,Other,5'5'',,,
45,Harish Kotkar,11-May-2020 10.10 PM,Kashayp,Enterpreneur,Mumbai,5'5'',,,
46,Harish Kotkar,11-May-2020 10.10 PM,Kashayp,Enterpreneur,Pune,5'5'',,,
47,Harish Kotkar,11-May-2020 10.10 PM,Kashayp,Enterpreneur,Nasik,5'5'',,,
48,Harish Kotkar,11-May-2020 10.10 PM,Kashayp,Enterpreneur,Nagpur,5'5'',,,
49,Harish Kotkar,11-May-2020 10.10 PM,Kashayp,Enterpreneur,Aurangabad,5'5'',,,
50,Harish Kotkar,11-May-2020 10.10 PM,Kashayp,Enterpreneur,Dhule,5'5'',,,
51,Harish Kotkar,11-May-2020 10.10 PM,Kashayp,Enterpreneur,Jalgaon,5'5'',,,
52,Harish Kotkar,11-May-2020 10.10 PM,Kashayp,Enterpreneur,Nandurbar,5'5'',,,
53,Harish Kotkar,11-May-2020 10.10 PM,Kashayp,Enterpreneur,Surat,5'5'',,,
54,Harish Kotkar,11-May-2020 10.10 PM,Kashayp,Enterpreneur,ForeignCountry,5'5'',,,
55,Harish Kotkar,11-May-2020 10.10 PM,Kashayp,Enterpreneur,Other,5'5'',,,
56,Harish Kotkar,11-May-2020 10.10 PM,Kashayp,Builder,Mumbai,5'5'',,,
57,Harish Kotkar,11-May-2020 10.10 PM,Kashayp,Builder,Pune,5'5'',,,
58,Harish Kotkar,11-May-2020 10.10 PM,Kashayp,Builder,Nasik,5'5'',,,
59,Harish Kotkar,11-May-2020 10.10 PM,Kashayp,Builder,Nagpur,5'5'',,,
60,Harish Kotkar,11-May-2020 10.10 PM,Kashayp,Builder,Aurangabad,5'5'',,,
61,Harish Kotkar,11-May-2020 10.10 PM,Kashayp,Builder,Dhule,5'5'',,,
62,Harish Kotkar,11-May-2020 10.10 PM,Kashayp,Builder,Jalgaon,5'5'',,,
63,Harish Kotkar,11-May-2020 10.10 PM,Kashayp,Builder,Nandurbar,5'5'',,,
64,Harish Kotkar,11-May-2020 10.10 PM,Kashayp,Builder,Surat,5'5'',,,
65,Harish Kotkar,11-May-2020 10.10 PM,Kashayp,Builder,ForeignCountry,5'5'',,,
66,Harish Kotkar,11-May-2020 10.10 PM,Kashayp,Builder,Other,5'5'',,,
67,Harish Kotkar,11-May-2020 10.10 PM,Kashayp,Teacher,Mumbai,5'5'',,,
68,Harish Kotkar,11-May-2020 10.10 PM,Kashayp,Teacher,Pune,5'5'',,,
69,Harish Kotkar,11-May-2020 10.10 PM,Kashayp,Teacher,Nasik,5'5'',,,
70,Harish Kotkar,11-May-2020 10.10 PM,Kashayp,Teacher,Nagpur,5'5'',,,
71,Harish Kotkar,11-May-2020 10.10 PM,Kashayp,Teacher,Aurangabad,5'5'',,,
72,Harish Kotkar,11-May-2020 10.10 PM,Kashayp,Teacher,Dhule,5'5'',,,
73,Harish Kotkar,11-May-2020 10.10 PM,Kashayp,Teacher,Jalgaon,5'5'',,,
74,Harish Kotkar,11-May-2020 10.10 PM,Kashayp,Teacher,Nandurbar,5'5'',,,
75,Harish Kotkar,11-May-2020 10.10 PM,Kashayp,Teacher,Surat,5'5'',,,
76,Harish Kotkar,11-May-2020 10.10 PM,Kashayp,Teacher,ForeignCountry,5'5'',,,
77,Harish Kotkar,11-May-2020 10.10 PM,Kashayp,Teacher,Other,5'5'',,,
78,Harish Kotkar,11-May-2020 10.10 PM,Kashayp,Farmar,Mumbai,5'5'',,,
79,Harish Kotkar,11-May-2020 10.10 PM,Kashayp,Farmar,Pune,5'5'',,,
80,Harish Kotkar,11-May-2020 10.10 PM,Kashayp,Farmar,Nasik,5'5'',,,
81,Harish Kotkar,11-May-2020 10.10 PM,Kashayp,Farmar,Nagpur,5'5'',,,
82,Harish Kotkar,11-May-2020 10.10 PM,Kashayp,Farmar,Aurangabad,5'5'',,,
83,Harish Kotkar,11-May-2020 10.10 PM,Kashayp,Farmar,Dhule,5'5'',,,
84,Harish Kotkar,11-May-2020 10.10 PM,Kashayp,Farmar,Jalgaon,5'5'',,,
85,Harish Kotkar,11-May-2020 10.10 PM,Kashayp,Farmar,Nandurbar,5'5'',,,
86,Harish Kotkar,11-May-2020 10.10 PM,Kashayp,Farmar,Surat,5'5'',,,
87,Harish Kotkar,11-May-2020 10.10 PM,Kashayp,Farmar,ForeignCountry,5'5'',,,
88,Harish Kotkar,11-May-2020 10.10 PM,Kashayp,Farmar,Other,5'5'',,,
89,Harish Kotkar,11-May-2020 10.10 PM,Kashayp,BankManager,Mumbai,5'5'',,,
90,Harish Kotkar,11-May-2020 10.10 PM,Kashayp,BankManager,Pune,5'5'',,,
91,Harish Kotkar,11-May-2020 10.10 PM,Kashayp,BankManager,Nasik,5'5'',,,
92,Harish Kotkar,11-May-2020 10.10 PM,Kashayp,BankManager,Nagpur,5'5'',,,
93,Harish Kotkar,11-May-2020 10.10 PM,Kashayp,BankManager,Aurangabad,5'5'',,,
94,Harish Kotkar,11-May-2020 10.10 PM,Kashayp,BankManager,Dhule,5'5'',,,
95,Harish Kotkar,11-May-2020 10.10 PM,Kashayp,BankManager,Jalgaon,5'5'',,,
96,Harish Kotkar,11-May-2020 10.10 PM,Kashayp,BankManager,Nandurbar,5'5'',,,
97,Harish Kotkar,11-May-2020 10.10 PM,Kashayp,BankManager,Surat,5'5'',,,
98,Harish Kotkar,11-May-2020 10.10 PM,Kashayp,BankManager,ForeignCountry,5'5'',,,
99,Harish Kotkar,11-May-2020 10.10 PM,Kashayp,BankManager,Other,5'5'',,,
100,Harish Kotkar,11-May-2020 10.10 PM,Kashayp,Pharmacist,Mumbai,5'5'',,,
101,Harish Kotkar,11-May-2020 10.10 PM,Kashayp,Pharmacist,Pune,5'5'',,,
102,Harish Kotkar,11-May-2020 10.10 PM,Kashayp,Pharmacist,Nasik,5'5'',,,
103,Harish Kotkar,11-May-2020 10.10 PM,Kashayp,Pharmacist,Nagpur,5'5'',,,
104,Harish Kotkar,11-May-2020 10.10 PM,Kashayp,Pharmacist,Aurangabad,5'5'',,,
105,Harish Kotkar,11-May-2020 10.10 PM,Kashayp,Pharmacist,Dhule,5'5'',,,
106,Harish Kotkar,11-May-2020 10.10 PM,Kashayp,Pharmacist,Jalgaon,5'5'',,,
107,Harish Kotkar,11-May-2020 10.10 PM,Kashayp,Pharmacist,Nandurbar,5'5'',,,
108,Harish Kotkar,11-May-2020 10.10 PM,Kashayp,Pharmacist,Surat,5'5'',,,
109,Harish Kotkar,11-May-2020 10.10 PM,Kashayp,Pharmacist,ForeignCountry,5'5'',,,
110,Harish Kotkar,11-May-2020 10.10 PM,Kashayp,Pharmacist,Other,5'5'',,,
111,Harish Kotkar,11-May-2020 10.10 PM,Kashayp,MR,Mumbai,5'5'',,,
112,Harish Kotkar,11-May-2020 10.10 PM,Kashayp,MR,Pune,5'5'',,,
113,Harish Kotkar,11-May-2020 10.10 PM,Kashayp,MR,Nasik,5'5'',,,
114,Harish Kotkar,11-May-2020 10.10 PM,Kashayp,MR,Nagpur,5'5'',,,
115,Harish Kotkar,11-May-2020 10.10 PM,Kashayp,MR,Aurangabad,5'5'',,,
116,Harish Kotkar,11-May-2020 10.10 PM,Kashayp,MR,Dhule,5'5'',,,
117,Harish Kotkar,11-May-2020 10.10 PM,Kashayp,MR,Jalgaon,5'5'',,,
118,Harish Kotkar,11-May-2020 10.10 PM,Kashayp,MR,Nandurbar,5'5'',,,
119,Harish Kotkar,11-May-2020 10.10 PM,Kashayp,MR,Surat,5'5'',,,
120,Harish Kotkar,11-May-2020 10.10 PM,Kashayp,MR,ForeignCountry,5'5'',,,
121,Harish Kotkar,11-May-2020 10.10 PM,Kashayp,MR,Other,5'5'',,,
122,Harish Kotkar,11-May-2020 10.10 PM,Kashayp,InsuranceAdvisor,Mumbai,5'5'',,,
123,Harish Kotkar,11-May-2020 10.10 PM,Kashayp,InsuranceAdvisor,Pune,5'5'',,,
124,Harish Kotkar,11-May-2020 10.10 PM,Kashayp,InsuranceAdvisor,Nasik,5'5'',,,
125,Harish Kotkar,11-May-2020 10.10 PM,Kashayp,InsuranceAdvisor,Nagpur,5'5'',,,
126,Harish Kotkar,11-May-2020 10.10 PM,Kashayp,InsuranceAdvisor,Aurangabad,5'5'',,,
127,Harish Kotkar,11-May-2020 10.10 PM,Kashayp,InsuranceAdvisor,Dhule,5'5'',,,
128,Harish Kotkar,11-May-2020 10.10 PM,Kashayp,InsuranceAdvisor,Jalgaon,5'5'',,,
129,Harish Kotkar,11-May-2020 10.10 PM,Kashayp,InsuranceAdvisor,Nandurbar,5'5'',,,
130,Harish Kotkar,11-May-2020 10.10 PM,Kashayp,InsuranceAdvisor,Surat,5'5'',,,
131,Harish Kotkar,11-May-2020 10.10 PM,Kashayp,InsuranceAdvisor,ForeignCountry,5'5'',,,
132,Harish Kotkar,11-May-2020 10.10 PM,Kashayp,InsuranceAdvisor,Other,5'5'',,,
133,Harish Kotkar,11-May-2020 10.10 PM,Kashayp,Other,Mumbai,5'5'',,,
134,Harish Kotkar,11-May-2020 10.10 PM,Kashayp,Other,Pune,5'5'',,,
135,Harish Kotkar,11-May-2020 10.10 PM,Kashayp,Other,Nasik,5'5'',,,
136,Harish Kotkar,11-May-2020 10.10 PM,Kashayp,Other,Nagpur,5'5'',,,
137,Harish Kotkar,11-May-2020 10.10 PM,Kashayp,Other,Aurangabad,5'5'',,,
138,Harish Kotkar,11-May-2020 10.10 PM,Kashayp,Other,Dhule,5'5'',,,
139,Harish Kotkar,11-May-2020 10.10 PM,Kashayp,Other,Jalgaon,5'5'',,,
140,Harish Kotkar,11-May-2020 10.10 PM,Kashayp,Other,Nandurbar,5'5'',,,
141,Harish Kotkar,11-May-2020 10.10 PM,Kashayp,Other,Surat,5'5'',,,
142,Harish Kotkar,11-May-2020 10.10 PM,Kashayp,Other,ForeignCountry,5'5'',,,
143,Harish Kotkar,11-May-2020 10.10 PM,Kashayp,Other,Other,5'5'',,,
144,Harish Kotkar,11-May-2020 10.10 PM,Khalap,Engineer,Mumbai,5'5'',,,
145,Harish Kotkar,11-May-2020 10.10 PM,Khalap,Engineer,Pune,5'5'',,,
146,Harish Kotkar,11-May-2020 10.10 PM,Khalap,Engineer,Nasik,5'5'',,,
147,Harish Kotkar,11-May-2020 10.10 PM,Khalap,Engineer,Nagpur,5'5'',,,
148,Harish Kotkar,11-May-2020 10.10 PM,Khalap,Engineer,Aurangabad,5'5'',,,
149,Harish Kotkar,11-May-2020 10.10 PM,Khalap,Engineer,Dhule,5'5'',,,
150,Harish Kotkar,11-May-2020 10.10 PM,Khalap,Engineer,Jalgaon,5'5'',,,
151,Harish Kotkar,11-May-2020 10.10 PM,Khalap,Engineer,Nandurbar,5'5'',,,
152,Harish Kotkar,11-May-2020 10.10 PM,Khalap,Engineer,Surat,5'5'',,,
153,Harish Kotkar,11-May-2020 10.10 PM,Khalap,Engineer,ForeignCountry,5'5'',,,
154,Harish Kotkar,11-May-2020 10.10 PM,Khalap,Engineer,Other,5'5'',,,
155,Harish Kotkar,11-May-2020 10.10 PM,Khalap,Doctor,Mumbai,5'5'',,,
156,Harish Kotkar,11-May-2020 10.10 PM,Khalap,Doctor,Pune,5'5'',,,
157,Harish Kotkar,11-May-2020 10.10 PM,Khalap,Doctor,Nasik,5'5'',,,
158,Harish Kotkar,11-May-2020 10.10 PM,Khalap,Doctor,Nagpur,5'5'',,,
159,Harish Kotkar,11-May-2020 10.10 PM,Khalap,Doctor,Aurangabad,5'5'',,,
160,Harish Kotkar,11-May-2020 10.10 PM,Khalap,Doctor,Dhule,5'5'',,,
161,Harish Kotkar,11-May-2020 10.10 PM,Khalap,Doctor,Jalgaon,5'5'',,,
162,Harish Kotkar,11-May-2020 10.10 PM,Khalap,Doctor,Nandurbar,5'5'',,,
163,Harish Kotkar,11-May-2020 10.10 PM,Khalap,Doctor,Surat,5'5'',,,
164,Harish Kotkar,11-May-2020 10.10 PM,Khalap,Doctor,ForeignCountry,5'5'',,,
165,Harish Kotkar,11-May-2020 10.10 PM,Khalap,Doctor,Other,5'5'',,,
166,Harish Kotkar,11-May-2020 10.10 PM,Khalap,CA,Mumbai,5'5'',,,
167,Harish Kotkar,11-May-2020 10.10 PM,Khalap,CA,Pune,5'5'',,,
168,Harish Kotkar,11-May-2020 10.10 PM,Khalap,CA,Nasik,5'5'',,,
169,Harish Kotkar,11-May-2020 10.10 PM,Khalap,CA,Nagpur,5'5'',,,
170,Harish Kotkar,11-May-2020 10.10 PM,Khalap,CA,Aurangabad,5'5'',,,
171,Harish Kotkar,11-May-2020 10.10 PM,Khalap,CA,Dhule,5'5'',,,
172,Harish Kotkar,11-May-2020 10.10 PM,Khalap,CA,Jalgaon,5'5'',,,
173,Harish Kotkar,11-May-2020 10.10 PM,Khalap,CA,Nandurbar,5'5'',,,
174,Harish Kotkar,11-May-2020 10.10 PM,Khalap,CA,Surat,5'5'',,,
175,Harish Kotkar,11-May-2020 10.10 PM,Khalap,CA,ForeignCountry,5'5'',,,
176,Harish Kotkar,11-May-2020 10.10 PM,Khalap,CA,Other,5'5'',,,
177,Harish Kotkar,11-May-2020 10.10 PM,Khalap,Businessman,Mumbai,5'5'',,,
178,Harish Kotkar,11-May-2020 10.10 PM,Khalap,Businessman,Pune,5'5'',,,
179,Harish Kotkar,11-May-2020 10.10 PM,Khalap,Businessman,Nasik,5'5'',,,
180,Harish Kotkar,11-May-2020 10.10 PM,Khalap,Businessman,Nagpur,5'5'',,,
181,Harish Kotkar,11-May-2020 10.10 PM,Khalap,Businessman,Aurangabad,5'5'',,,
182,Harish Kotkar,11-May-2020 10.10 PM,Khalap,Businessman,Dhule,5'5'',,,
183,Harish Kotkar,11-May-2020 10.10 PM,Khalap,Businessman,Jalgaon,5'5'',,,
184,Harish Kotkar,11-May-2020 10.10 PM,Khalap,Businessman,Nandurbar,5'5'',,,
185,Harish Kotkar,11-May-2020 10.10 PM,Khalap,Businessman,Surat,5'5'',,,
186,Harish Kotkar,11-May-2020 10.10 PM,Khalap,Businessman,ForeignCountry,5'5'',,,
187,Harish Kotkar,11-May-2020 10.10 PM,Khalap,Businessman,Other,5'5'',,,
188,Harish Kotkar,11-May-2020 10.10 PM,Khalap,Enterpreneur,Mumbai,5'5'',,,
189,Harish Kotkar,11-May-2020 10.10 PM,Khalap,Enterpreneur,Pune,5'5'',,,
190,Harish Kotkar,11-May-2020 10.10 PM,Khalap,Enterpreneur,Nasik,5'5'',,,
191,Harish Kotkar,11-May-2020 10.10 PM,Khalap,Enterpreneur,Nagpur,5'5'',,,
192,Harish Kotkar,11-May-2020 10.10 PM,Khalap,Enterpreneur,Aurangabad,5'5'',,,
193,Harish Kotkar,11-May-2020 10.10 PM,Khalap,Enterpreneur,Dhule,5'5'',,,
194,Harish Kotkar,11-May-2020 10.10 PM,Khalap,Enterpreneur,Jalgaon,5'5'',,,
195,Harish Kotkar,11-May-2020 10.10 PM,Khalap,Enterpreneur,Nandurbar,5'5'',,,
196,Harish Kotkar,11-May-2020 10.10 PM,Khalap,Enterpreneur,Surat,5'5'',,,
197,Harish Kotkar,11-May-2020 10.10 PM,Khalap,Enterpreneur,ForeignCountry,5'5'',,,
198,Harish Kotkar,11-May-2020 10.10 PM,Khalap,Enterpreneur,Other,5'5'',,,
199,Harish Kotkar,11-May-2020 10.10 PM,Khalap,Builder,Mumbai,5'5'',,,
200,Harish Kotkar,11-May-2020 10.10 PM,Khalap,Builder,Pune,5'5'',,,
201,Harish Kotkar,11-May-2020 10.10 PM,Khalap,Builder,Nasik,5'5'',,,
202,Harish Kotkar,11-May-2020 10.10 PM,Khalap,Builder,Nagpur,5'5'',,,
203,Harish Kotkar,11-May-2020 10.10 PM,Khalap,Builder,Aurangabad,5'5'',,,
204,Harish Kotkar,11-May-2020 10.10 PM,Khalap,Builder,Dhule,5'5'',,,
205,Harish Kotkar,11-May-2020 10.10 PM,Khalap,Builder,Jalgaon,5'5'',,,
206,Harish Kotkar,11-May-2020 10.10 PM,Khalap,Builder,Nandurbar,5'5'',,,
207,Harish Kotkar,11-May-2020 10.10 PM,Khalap,Builder,Surat,5'5'',,,
208,Harish Kotkar,11-May-2020 10.10 PM,Khalap,Builder,ForeignCountry,5'5'',,,
209,Harish Kotkar,11-May-2020 10.10 PM,Khalap,Builder,Other,5'5'',,,
210,Harish Kotkar,11-May-2020 10.10 PM,Khalap,Teacher,Mumbai,5'5'',,,
211,Harish Kotkar,11-May-2020 10.10 PM,Khalap,Teacher,Pune,5'5'',,,
212,Harish Kotkar,11-May-2020 10.10 PM,Khalap,Teacher,Nasik,5'5'',,,
213,Harish Kotkar,11-May-2020 10.10 PM,Khalap,Teacher,Nagpur,5'5'',,,
214,Harish Kotkar,11-May-2020 10.10 PM,Khalap,Teacher,Aurangabad,5'5'',,,
215,Harish Kotkar,11-May-2020 10.10 PM,Khalap,Teacher,Dhule,5'5'',,,
216,Harish Kotkar,11-May-2020 10.10 PM,Khalap,Teacher,Jalgaon,5'5'',,,
217,Harish Kotkar,11-May-2020 10.10 PM,Khalap,Teacher,Nandurbar,5'5'',,,
218,Harish Kotkar,11-May-2020 10.10 PM,Khalap,Teacher,Surat,5'5'',,,
219,Harish Kotkar,11-May-2020 10.10 PM,Khalap,Teacher,ForeignCountry,5'5'',,,
220,Harish Kotkar,11-May-2020 10.10 PM,Khalap,Teacher,Other,5'5'',,,
221,Harish Kotkar,11-May-2020 10.10 PM,Khalap,Farmar,Mumbai,5'5'',,,
222,Harish Kotkar,11-May-2020 10.10 PM,Khalap,Farmar,Pune,5'5'',,,
223,Harish Kotkar,11-May-2020 10.10 PM,Khalap,Farmar,Nasik,5'5'',,,
224,Harish Kotkar,11-May-2020 10.10 PM,Khalap,Farmar,Nagpur,5'5'',,,
225,Harish Kotkar,11-May-2020 10.10 PM,Khalap,Farmar,Aurangabad,5'5'',,,
226,Harish Kotkar,11-May-2020 10.10 PM,Khalap,Farmar,Dhule,5'5'',,,
227,Harish Kotkar,11-May-2020 10.10 PM,Khalap,Farmar,Jalgaon,5'5'',,,
228,Harish Kotkar,11-May-2020 10.10 PM,Khalap,Farmar,Nandurbar,5'5'',,,
229,Harish Kotkar,11-May-2020 10.10 PM,Khalap,Farmar,Surat,5'5'',,,
230,Harish Kotkar,11-May-2020 10.10 PM,Khalap,Farmar,ForeignCountry,5'5'',,,
231,Harish Kotkar,11-May-2020 10.10 PM,Khalap,Farmar,Other,5'5'',,,
232,Harish Kotkar,11-May-2020 10.10 PM,Khalap,BankManager,Mumbai,5'5'',,,
233,Harish Kotkar,11-May-2020 10.10 PM,Khalap,BankManager,Pune,5'5'',,,
234,Harish Kotkar,11-May-2020 10.10 PM,Khalap,BankManager,Nasik,5'5'',,,
235,Harish Kotkar,11-May-2020 10.10 PM,Khalap,BankManager,Nagpur,5'5'',,,
236,Harish Kotkar,11-May-2020 10.10 PM,Khalap,BankManager,Aurangabad,5'5'',,,
237,Harish Kotkar,11-May-2020 10.10 PM,Khalap,BankManager,Dhule,5'5'',,,
238,Harish Kotkar,11-May-2020 10.10 PM,Khalap,BankManager,Jalgaon,5'5'',,,
239,Harish Kotkar,11-May-2020 10.10 PM,Khalap,BankManager,Nandurbar,5'5'',,,
240,Harish Kotkar,11-May-2020 10.10 PM,Khalap,BankManager,Surat,5'5'',,,
241,Harish Kotkar,11-May-2020 10.10 PM,Khalap,BankManager,ForeignCountry,5'5'',,,
242,Harish Kotkar,11-May-2020 10.10 PM,Khalap,BankManager,Other,5'5'',,,
243,Harish Kotkar,11-May-2020 10.10 PM,Khalap,Pharmacist,Mumbai,5'5'',,,
244,Harish Kotkar,11-May-2020 10.10 PM,Khalap,Pharmacist,Pune,5'5'',,,
245,Harish Kotkar,11-May-2020 10.10 PM,Khalap,Pharmacist,Nasik,5'5'',,,
246,Harish Kotkar,11-May-2020 10.10 PM,Khalap,Pharmacist,Nagpur,5'5'',,,
247,Harish Kotkar,11-May-2020 10.10 PM,Khalap,Pharmacist,Aurangabad,5'5'',,,
248,Harish Kotkar,11-May-2020 10.10 PM,Khalap,Pharmacist,Dhule,5'5'',,,
249,Harish Kotkar,11-May-2020 10.10 PM,Khalap,Pharmacist,Jalgaon,5'5'',,,
250,Harish Kotkar,11-May-2020 10.10 PM,Khalap,Pharmacist,Nandurbar,5'5'',,,
251,Harish Kotkar,11-May-2020 10.10 PM,Khalap,Pharmacist,Surat,5'5'',,,
252,Harish Kotkar,11-May-2020 10.10 PM,Khalap,Pharmacist,ForeignCountry,5'5'',,,
253,Harish Kotkar,11-May-2020 10.10 PM,Khalap,Pharmacist,Other,5'5'',,,
254,Harish Kotkar,11-May-2020 10.10 PM,Khalap,MR,Mumbai,5'5'',,,
255,Harish Kotkar,11-May-2020 10.10 PM,Khalap,MR,Pune,5'5'',,,
256,Harish Kotkar,11-May-2020 10.10 PM,Khalap,MR,Nasik,5'5'',,,
257,Harish Kotkar,11-May-2020 10.10 PM,Khalap,MR,Nagpur,5'5'',,,
258,Harish Kotkar,11-May-2020 10.10 PM,Khalap,MR,Aurangabad,5'5'',,,
259,Harish Kotkar,11-May-2020 10.10 PM,Khalap,MR,Dhule,5'5'',,,
260,Harish Kotkar,11-May-2020 10.10 PM,Khalap,MR,Jalgaon,5'5'',,,
261,Harish Kotkar,11-May-2020 10.10 PM,Khalap,MR,Nandurbar,5'5'',,,
262,Harish Kotkar,11-May-2020 10.10 PM,Khalap,MR,Surat,5'5'',,,
263,Harish Kotkar,11-May-2020 10.10 PM,Khalap,MR,ForeignCountry,5'5'',,,
264,Harish Kotkar,11-May-2020 10.10 PM,Khalap,MR,Other,5'5'',,,
265,Harish Kotkar,11-May-2020 10.10 PM,Khalap,InsuranceAdvisor,Mumbai,5'5'',,,
266,Harish Kotkar,11-May-2020 10.10 PM,Khalap,InsuranceAdvisor,Pune,5'5'',,,
267,Harish Kotkar,11-May-2020 10.10 PM,Khalap,InsuranceAdvisor,Nasik,5'5'',,,
268,Harish Kotkar,11-May-2020 10.10 PM,Khalap,InsuranceAdvisor,Nagpur,5'5'',,,
269,Harish Kotkar,11-May-2020 10.10 PM,Khalap,InsuranceAdvisor,Aurangabad,5'5'',,,
270,Harish Kotkar,11-May-2020 10.10 PM,Khalap,InsuranceAdvisor,Dhule,5'5'',,,
271,Harish Kotkar,11-May-2020 10.10 PM,Khalap,InsuranceAdvisor,Jalgaon,5'5'',,,
272,Harish Kotkar,11-May-2020 10.10 PM,Khalap,InsuranceAdvisor,Nandurbar,5'5'',,,
273,Harish Kotkar,11-May-2020 10.10 PM,Khalap,InsuranceAdvisor,Surat,5'5'',,,
274,Harish Kotkar,11-May-2020 10.10 PM,Khalap,InsuranceAdvisor,ForeignCountry,5'5'',,,
275,Harish Kotkar,11-May-2020 10.10 PM,Khalap,InsuranceAdvisor,Other,5'5'',,,
276,Harish Kotkar,11-May-2020 10.10 PM,Khalap,Other,Mumbai,5'5'',,,
277,Harish Kotkar,11-May-2020 10.10 PM,Khalap,Other,Pune,5'5'',,,
278,Harish Kotkar,11-May-2020 10.10 PM,Khalap,Other,Nasik,5'5'',,,
279,Harish Kotkar,11-May-2020 10.10 PM,Khalap,Other,Nagpur,5'5'',,,
280,Harish Kotkar,11-May-2020 10.10 PM,Khalap,Other,Aurangabad,5'5'',,,
281,Harish Kotkar,11-May-2020 10.10 PM,Khalap,Other,Dhule,5'5'',,,
282,Harish Kotkar,11-May-2020 10.10 PM,Khalap,Other,Jalgaon,5'5'',,,
283,Harish Kotkar,11-May-2020 10.10 PM,Khalap,Other,Nandurbar,5'5'',,,
284,Harish Kotkar,11-May-2020 10.10 PM,Khalap,Other,Surat,5'5'',,,
285,Harish Kotkar,11-May-2020 10.10 PM,Khalap,Other,ForeignCountry,5'5'',,,
286,Harish Kotkar,11-May-2020 10.10 PM,Khalap,Other,Other,5'5'',,,
287,Harish Kotkar,11-May-2020 10.10 PM,Mandav,Engineer,Mumbai,5'5'',,,
288,Harish Kotkar,11-May-2020 10.10 PM,Mandav,Engineer,Pune,5'5'',,,
289,Harish Kotkar,11-May-2020 10.10 PM,Mandav,Engineer,Nasik,5'5'',,,
290,Harish Kotkar,11-May-2020 10.10 PM,Mandav,Engineer,Nagpur,5'5'',,,
291,Harish Kotkar,11-May-2020 10.10 PM,Mandav,Engineer,Aurangabad,5'5'',,,
292,Harish Kotkar,11-May-2020 10.10 PM,Mandav,Engineer,Dhule,5'5'',,,
293,Harish Kotkar,11-May-2020 10.10 PM,Mandav,Engineer,Jalgaon,5'5'',,,
294,Harish Kotkar,11-May-2020 10.10 PM,Mandav,Engineer,Nandurbar,5'5'',,,
295,Harish Kotkar,11-May-2020 10.10 PM,Mandav,Engineer,Surat,5'5'',,,
296,Harish Kotkar,11-May-2020 10.10 PM,Mandav,Engineer,ForeignCountry,5'5'',,,
297,Harish Kotkar,11-May-2020 10.10 PM,Mandav,Engineer,Other,5'5'',,,
298,Harish Kotkar,11-May-2020 10.10 PM,Mandav,Doctor,Mumbai,5'5'',,,
299,Harish Kotkar,11-May-2020 10.10 PM,Mandav,Doctor,Pune,5'5'',,,
300,Harish Kotkar,11-May-2020 10.10 PM,Mandav,Doctor,Nasik,5'5'',,,
301,Harish Kotkar,11-May-2020 10.10 PM,Mandav,Doctor,Nagpur,5'5'',,,
302,Harish Kotkar,11-May-2020 10.10 PM,Mandav,Doctor,Aurangabad,5'5'',,,
303,Harish Kotkar,11-May-2020 10.10 PM,Mandav,Doctor,Dhule,5'5'',,,
304,Harish Kotkar,11-May-2020 10.10 PM,Mandav,Doctor,Jalgaon,5'5'',,,
305,Harish Kotkar,11-May-2020 10.10 PM,Mandav,Doctor,Nandurbar,5'5'',,,
306,Harish Kotkar,11-May-2020 10.10 PM,Mandav,Doctor,Surat,5'5'',,,
307,Harish Kotkar,11-May-2020 10.10 PM,Mandav,Doctor,ForeignCountry,5'5'',,,
308,Harish Kotkar,11-May-2020 10.10 PM,Mandav,Doctor,Other,5'5'',,,
309,Harish Kotkar,11-May-2020 10.10 PM,Mandav,CA,Mumbai,5'5'',,,
310,Harish Kotkar,11-May-2020 10.10 PM,Mandav,CA,Pune,5'5'',,,
311,Harish Kotkar,11-May-2020 10.10 PM,Mandav,CA,Nasik,5'5'',,,
312,Harish Kotkar,11-May-2020 10.10 PM,Mandav,CA,Nagpur,5'5'',,,
313,Harish Kotkar,11-May-2020 10.10 PM,Mandav,CA,Aurangabad,5'5'',,,
314,Harish Kotkar,11-May-2020 10.10 PM,Mandav,CA,Dhule,5'5'',,,
315,Harish Kotkar,11-May-2020 10.10 PM,Mandav,CA,Jalgaon,5'5'',,,
316,Harish Kotkar,11-May-2020 10.10 PM,Mandav,CA,Nandurbar,5'5'',,,
317,Harish Kotkar,11-May-2020 10.10 PM,Mandav,CA,Surat,5'5'',,,
318,Harish Kotkar,11-May-2020 10.10 PM,Mandav,CA,ForeignCountry,5'5'',,,
319,Harish Kotkar,11-May-2020 10.10 PM,Mandav,CA,Other,5'5'',,,
320,Harish Kotkar,11-May-2020 10.10 PM,Mandav,Businessman,Mumbai,5'5'',,,
321,Harish Kotkar,11-May-2020 10.10 PM,Mandav,Businessman,Pune,5'5'',,,
322,Harish Kotkar,11-May-2020 10.10 PM,Mandav,Businessman,Nasik,5'5'',,,
323,Harish Kotkar,11-May-2020 10.10 PM,Mandav,Businessman,Nagpur,5'5'',,,
324,Harish Kotkar,11-May-2020 10.10 PM,Mandav,Businessman,Aurangabad,5'5'',,,
325,Harish Kotkar,11-May-2020 10.10 PM,Mandav,Businessman,Dhule,5'5'',,,
326,Harish Kotkar,11-May-2020 10.10 PM,Mandav,Businessman,Jalgaon,5'5'',,,
327,Harish Kotkar,11-May-2020 10.10 PM,Mandav,Businessman,Nandurbar,5'5'',,,
328,Harish Kotkar,11-May-2020 10.10 PM,Mandav,Businessman,Surat,5'5'',,,
329,Harish Kotkar,11-May-2020 10.10 PM,Mandav,Businessman,ForeignCountry,5'5'',,,
330,Harish Kotkar,11-May-2020 10.10 PM,Mandav,Businessman,Other,5'5'',,,
331,Harish Kotkar,11-May-2020 10.10 PM,Mandav,Enterpreneur,Mumbai,5'5'',,,
332,Harish Kotkar,11-May-2020 10.10 PM,Mandav,Enterpreneur,Pune,5'5'',,,
333,Harish Kotkar,11-May-2020 10.10 PM,Mandav,Enterpreneur,Nasik,5'5'',,,
334,Harish Kotkar,11-May-2020 10.10 PM,Mandav,Enterpreneur,Nagpur,5'5'',,,
335,Harish Kotkar,11-May-2020 10.10 PM,Mandav,Enterpreneur,Aurangabad,5'5'',,,
336,Harish Kotkar,11-May-2020 10.10 PM,Mandav,Enterpreneur,Dhule,5'5'',,,
337,Harish Kotkar,11-May-2020 10.10 PM,Mandav,Enterpreneur,Jalgaon,5'5'',,,
338,Harish Kotkar,11-May-2020 10.10 PM,Mandav,Enterpreneur,Nandurbar,5'5'',,,
339,Harish Kotkar,11-May-2020 10.10 PM,Mandav,Enterpreneur,Surat,5'5'',,,
340,Harish Kotkar,11-May-2020 10.10 PM,Mandav,Enterpreneur,ForeignCountry,5'5'',,,
341,Harish Kotkar,11-May-2020 10.10 PM,Mandav,Enterpreneur,Other,5'5'',,,
342,Harish Kotkar,11-May-2020 10.10 PM,Mandav,Builder,Mumbai,5'5'',,,
343,Harish Kotkar,11-May-2020 10.10 PM,Mandav,Builder,Pune,5'5'',,,
344,Harish Kotkar,11-May-2020 10.10 PM,Mandav,Builder,Nasik,5'5'',,,
345,Harish Kotkar,11-May-2020 10.10 PM,Mandav,Builder,Nagpur,5'5'',,,
346,Harish Kotkar,11-May-2020 10.10 PM,Mandav,Builder,Aurangabad,5'5'',,,
347,Harish Kotkar,11-May-2020 10.10 PM,Mandav,Builder,Dhule,5'5'',,,
348,Harish Kotkar,11-May-2020 10.10 PM,Mandav,Builder,Jalgaon,5'5'',,,
349,Harish Kotkar,11-May-2020 10.10 PM,Mandav,Builder,Nandurbar,5'5'',,,
350,Harish Kotkar,11-May-2020 10.10 PM,Mandav,Builder,Surat,5'5'',,,
351,Harish Kotkar,11-May-2020 10.10 PM,Mandav,Builder,ForeignCountry,5'5'',,,
352,Harish Kotkar,11-May-2020 10.10 PM,Mandav,Builder,Other,5'5'',,,
353,Harish Kotkar,11-May-2020 10.10 PM,Mandav,Teacher,Mumbai,5'5'',,,
354,Harish Kotkar,11-May-2020 10.10 PM,Mandav,Teacher,Pune,5'5'',,,
355,Harish Kotkar,11-May-2020 10.10 PM,Mandav,Teacher,Nasik,5'5'',,,
356,Harish Kotkar,11-May-2020 10.10 PM,Mandav,Teacher,Nagpur,5'5'',,,
357,Harish Kotkar,11-May-2020 10.10 PM,Mandav,Teacher,Aurangabad,5'5'',,,
358,Harish Kotkar,11-May-2020 10.10 PM,Mandav,Teacher,Dhule,5'5'',,,
359,Harish Kotkar,11-May-2020 10.10 PM,Mandav,Teacher,Jalgaon,5'5'',,,
360,Harish Kotkar,11-May-2020 10.10 PM,Mandav,Teacher,Nandurbar,5'5'',,,
361,Harish Kotkar,11-May-2020 10.10 PM,Mandav,Teacher,Surat,5'5'',,,
362,Harish Kotkar,11-May-2020 10.10 PM,Mandav,Teacher,ForeignCountry,5'5'',,,
363,Harish Kotkar,11-May-2020 10.10 PM,Mandav,Teacher,Other,5'5'',,,
364,Harish Kotkar,11-May-2020 10.10 PM,Mandav,Farmar,Mumbai,5'5'',,,
365,Harish Kotkar,11-May-2020 10.10 PM,Mandav,Farmar,Pune,5'5'',,,
366,Harish Kotkar,11-May-2020 10.10 PM,Mandav,Farmar,Nasik,5'5'',,,
367,Harish Kotkar,11-May-2020 10.10 PM,Mandav,Farmar,Nagpur,5'5'',,,
368,Harish Kotkar,11-May-2020 10.10 PM,Mandav,Farmar,Aurangabad,5'5'',,,
369,Harish Kotkar,11-May-2020 10.10 PM,Mandav,Farmar,Dhule,5'5'',,,
370,Harish Kotkar,11-May-2020 10.10 PM,Mandav,Farmar,Jalgaon,5'5'',,,
371,Harish Kotkar,11-May-2020 10.10 PM,Mandav,Farmar,Nandurbar,5'5'',,,
372,Harish Kotkar,11-May-2020 10.10 PM,Mandav,Farmar,Surat,5'5'',,,
373,Harish Kotkar,11-May-2020 10.10 PM,Mandav,Farmar,ForeignCountry,5'5'',,,
374,Harish Kotkar,11-May-2020 10.10 PM,Mandav,Farmar,Other,5'5'',,,
375,Harish Kotkar,11-May-2020 10.10 PM,Mandav,BankManager,Mumbai,5'5'',,,
376,Harish Kotkar,11-May-2020 10.10 PM,Mandav,BankManager,Pune,5'5'',,,
377,Harish Kotkar,11-May-2020 10.10 PM,Mandav,BankManager,Nasik,5'5'',,,
378,Harish Kotkar,11-May-2020 10.10 PM,Mandav,BankManager,Nagpur,5'5'',,,
379,Harish Kotkar,11-May-2020 10.10 PM,Mandav,BankManager,Aurangabad,5'5'',,,
380,Harish Kotkar,11-May-2020 10.10 PM,Mandav,BankManager,Dhule,5'5'',,,
381,Harish Kotkar,11-May-2020 10.10 PM,Mandav,BankManager,Jalgaon,5'5'',,,
382,Harish Kotkar,11-May-2020 10.10 PM,Mandav,BankManager,Nandurbar,5'5'',,,
383,Harish Kotkar,11-May-2020 10.10 PM,Mandav,BankManager,Surat,5'5'',,,
384,Harish Kotkar,11-May-2020 10.10 PM,Mandav,BankManager,ForeignCountry,5'5'',,,
385,Harish Kotkar,11-May-2020 10.10 PM,Mandav,BankManager,Other,5'5'',,,
386,Harish Kotkar,11-May-2020 10.10 PM,Mandav,Pharmacist,Mumbai,5'5'',,,
387,Harish Kotkar,11-May-2020 10.10 PM,Mandav,Pharmacist,Pune,5'5'',,,
388,Harish Kotkar,11-May-2020 10.10 PM,Mandav,Pharmacist,Nasik,5'5'',,,
389,Harish Kotkar,11-May-2020 10.10 PM,Mandav,Pharmacist,Nagpur,5'5'',,,
390,Harish Kotkar,11-May-2020 10.10 PM,Mandav,Pharmacist,Aurangabad,5'5'',,,
391,Harish Kotkar,11-May-2020 10.10 PM,Mandav,Pharmacist,Dhule,5'5'',,,
392,Harish Kotkar,11-May-2020 10.10 PM,Mandav,Pharmacist,Jalgaon,5'5'',,,
393,Harish Kotkar,11-May-2020 10.10 PM,Mandav,Pharmacist,Nandurbar,5'5'',,,
394,Harish Kotkar,11-May-2020 10.10 PM,Mandav,Pharmacist,Surat,5'5'',,,
395,Harish Kotkar,11-May-2020 10.10 PM,Mandav,Pharmacist,ForeignCountry,5'5'',,,
396,Harish Kotkar,11-May-2020 10.10 PM,Mandav,Pharmacist,Other,5'5'',,,
397,Harish Kotkar,11-May-2020 10.10 PM,Mandav,MR,Mumbai,5'5'',,,
398,Harish Kotkar,11-May-2020 10.10 PM,Mandav,MR,Pune,5'5'',,,
399,Harish Kotkar,11-May-2020 10.10 PM,Mandav,MR,Nasik,5'5'',,,
400,Harish Kotkar,11-May-2020 10.10 PM,Mandav,MR,Nagpur,5'5'',,,
401,Harish Kotkar,11-May-2020 10.10 PM,Mandav,MR,Aurangabad,5'5'',,,
402,Harish Kotkar,11-May-2020 10.10 PM,Mandav,MR,Dhule,5'5'',,,
403,Harish Kotkar,11-May-2020 10.10 PM,Mandav,MR,Jalgaon,5'5'',,,
404,Harish Kotkar,11-May-2020 10.10 PM,Mandav,MR,Nandurbar,5'5'',,,
405,Harish Kotkar,11-May-2020 10.10 PM,Mandav,MR,Surat,5'5'',,,
406,Harish Kotkar,11-May-2020 10.10 PM,Mandav,MR,ForeignCountry,5'5'',,,
407,Harish Kotkar,11-May-2020 10.10 PM,Mandav,MR,Other,5'5'',,,
408,Harish Kotkar,11-May-2020 10.10 PM,Mandav,InsuranceAdvisor,Mumbai,5'5'',,,
409,Harish Kotkar,11-May-2020 10.10 PM,Mandav,InsuranceAdvisor,Pune,5'5'',,,
410,Harish Kotkar,11-May-2020 10.10 PM,Mandav,InsuranceAdvisor,Nasik,5'5'',,,
411,Harish Kotkar,11-May-2020 10.10 PM,Mandav,InsuranceAdvisor,Nagpur,5'5'',,,
412,Harish Kotkar,11-May-2020 10.10 PM,Mandav,InsuranceAdvisor,Aurangabad,5'5'',,,
413,Harish Kotkar,11-May-2020 10.10 PM,Mandav,InsuranceAdvisor,Dhule,5'5'',,,
414,Harish Kotkar,11-May-2020 10.10 PM,Mandav,InsuranceAdvisor,Jalgaon,5'5'',,,
415,Harish Kotkar,11-May-2020 10.10 PM,Mandav,InsuranceAdvisor,Nandurbar,5'5'',,,
416,Harish Kotkar,11-May-2020 10.10 PM,Mandav,InsuranceAdvisor,Surat,5'5'',,,
417,Harish Kotkar,11-May-2020 10.10 PM,Mandav,InsuranceAdvisor,ForeignCountry,5'5'',,,
418,Harish Kotkar,11-May-2020 10.10 PM,Mandav,InsuranceAdvisor,Other,5'5'',,,
419,Harish Kotkar,11-May-2020 10.10 PM,Mandav,Other,Mumbai,5'5'',,,
420,Harish Kotkar,11-May-2020 10.10 PM,Mandav,Other,Pune,5'5'',,,
421,Harish Kotkar,11-May-2020 10.10 PM,Mandav,Other,Nasik,5'5'',,,
422,Harish Kotkar,11-May-2020 10.10 PM,Mandav,Other,Nagpur,5'5'',,,
423,Harish Kotkar,11-May-2020 10.10 PM,Mandav,Other,Aurangabad,5'5'',,,
424,Harish Kotkar,11-May-2020 10.10 PM,Mandav,Other,Dhule,5'5'',,,
425,Harish Kotkar,11-May-2020 10.10 PM,Mandav,Other,Jalgaon,5'5'',,,
426,Harish Kotkar,11-May-2020 10.10 PM,Mandav,Other,Nandurbar,5'5'',,,
427,Harish Kotkar,11-May-2020 10.10 PM,Mandav,Other,Surat,5'5'',,,
428,Harish Kotkar,11-May-2020 10.10 PM,Mandav,Other,ForeignCountry,5'5'',,,
429,Harish Kotkar,11-May-2020 10.10 PM,Mandav,Other,Other,5'5'',,,
430,Harish Kotkar,11-May-2020 10.10 PM,Gahilam,Engineer,Mumbai,5'5'',,,
431,Harish Kotkar,11-May-2020 10.10 PM,Gahilam,Engineer,Pune,5'5'',,,
432,Harish Kotkar,11-May-2020 10.10 PM,Gahilam,Engineer,Nasik,5'5'',,,
433,Harish Kotkar,11-May-2020 10.10 PM,Gahilam,Engineer,Nagpur,5'5'',,,
434,Harish Kotkar,11-May-2020 10.10 PM,Gahilam,Engineer,Aurangabad,5'5'',,,
435,Harish Kotkar,11-May-2020 10.10 PM,Gahilam,Engineer,Dhule,5'5'',,,
436,Harish Kotkar,11-May-2020 10.10 PM,Gahilam,Engineer,Jalgaon,5'5'',,,
437,Harish Kotkar,11-May-2020 10.10 PM,Gahilam,Engineer,Nandurbar,5'5'',,,
438,Harish Kotkar,11-May-2020 10.10 PM,Gahilam,Engineer,Surat,5'5'',,,
439,Harish Kotkar,11-May-2020 10.10 PM,Gahilam,Engineer,ForeignCountry,5'5'',,,
440,Harish Kotkar,11-May-2020 10.10 PM,Gahilam,Engineer,Other,5'5'',,,
441,Harish Kotkar,11-May-2020 10.10 PM,Gahilam,Doctor,Mumbai,5'5'',,,
442,Harish Kotkar,11-May-2020 10.10 PM,Gahilam,Doctor,Pune,5'5'',,,
443,Harish Kotkar,11-May-2020 10.10 PM,Gahilam,Doctor,Nasik,5'5'',,,
444,Harish Kotkar,11-May-2020 10.10 PM,Gahilam,Doctor,Nagpur,5'5'',,,
445,Harish Kotkar,11-May-2020 10.10 PM,Gahilam,Doctor,Aurangabad,5'5'',,,
446,Harish Kotkar,11-May-2020 10.10 PM,Gahilam,Doctor,Dhule,5'5'',,,
447,Harish Kotkar,11-May-2020 10.10 PM,Gahilam,Doctor,Jalgaon,5'5'',,,
448,Harish Kotkar,11-May-2020 10.10 PM,Gahilam,Doctor,Nandurbar,5'5'',,,
449,Harish Kotkar,11-May-2020 10.10 PM,Gahilam,Doctor,Surat,5'5'',,,
450,Harish Kotkar,11-May-2020 10.10 PM,Gahilam,Doctor,ForeignCountry,5'5'',,,
451,Harish Kotkar,11-May-2020 10.10 PM,Gahilam,Doctor,Other,5'5'',,,
452,Harish Kotkar,11-May-2020 10.10 PM,Gahilam,CA,Mumbai,5'5'',,,
453,Harish Kotkar,11-May-2020 10.10 PM,Gahilam,CA,Pune,5'5'',,,
454,Harish Kotkar,11-May-2020 10.10 PM,Gahilam,CA,Nasik,5'5'',,,
455,Harish Kotkar,11-May-2020 10.10 PM,Gahilam,CA,Nagpur,5'5'',,,
456,Harish Kotkar,11-May-2020 10.10 PM,Gahilam,CA,Aurangabad,5'5'',,,
457,Harish Kotkar,11-May-2020 10.10 PM,Gahilam,CA,Dhule,5'5'',,,
458,Harish Kotkar,11-May-2020 10.10 PM,Gahilam,CA,Jalgaon,5'5'',,,
459,Harish Kotkar,11-May-2020 10.10 PM,Gahilam,CA,Nandurbar,5'5'',,,
460,Harish Kotkar,11-May-2020 10.10 PM,Gahilam,CA,Surat,5'5'',,,
461,Harish Kotkar,11-May-2020 10.10 PM,Gahilam,CA,ForeignCountry,5'5'',,,
462,Harish Kotkar,11-May-2020 10.10 PM,Gahilam,CA,Other,5'5'',,,
463,Harish Kotkar,11-May-2020 10.10 PM,Gahilam,Businessman,Mumbai,5'5'',,,
464,Harish Kotkar,11-May-2020 10.10 PM,Gahilam,Businessman,Pune,5'5'',,,
465,Harish Kotkar,11-May-2020 10.10 PM,Gahilam,Businessman,Nasik,5'5'',,,
466,Harish Kotkar,11-May-2020 10.10 PM,Gahilam,Businessman,Nagpur,5'5'',,,
467,Harish Kotkar,11-May-2020 10.10 PM,Gahilam,Businessman,Aurangabad,5'5'',,,
468,Harish Kotkar,11-May-2020 10.10 PM,Gahilam,Businessman,Dhule,5'5'',,,
469,Harish Kotkar,11-May-2020 10.10 PM,Gahilam,Businessman,Jalgaon,5'5'',,,
470,Harish Kotkar,11-May-2020 10.10 PM,Gahilam,Businessman,Nandurbar,5'5'',,,
471,Harish Kotkar,11-May-2020 10.10 PM,Gahilam,Businessman,Surat,5'5'',,,
472,Harish Kotkar,11-May-2020 10.10 PM,Gahilam,Businessman,ForeignCountry,5'5'',,,
473,Harish Kotkar,11-May-2020 10.10 PM,Gahilam,Businessman,Other,5'5'',,,
474,Harish Kotkar,11-May-2020 10.10 PM,Gahilam,Enterpreneur,Mumbai,5'5'',,,
475,Harish Kotkar,11-May-2020 10.10 PM,Gahilam,Enterpreneur,Pune,5'5'',,,
476,Harish Kotkar,11-May-2020 10.10 PM,Gahilam,Enterpreneur,Nasik,5'5'',,,
477,Harish Kotkar,11-May-2020 10.10 PM,Gahilam,Enterpreneur,Nagpur,5'5'',,,
478,Harish Kotkar,11-May-2020 10.10 PM,Gahilam,Enterpreneur,Aurangabad,5'5'',,,
479,Harish Kotkar,11-May-2020 10.10 PM,Gahilam,Enterpreneur,Dhule,5'5'',,,
480,Harish Kotkar,11-May-2020 10.10 PM,Gahilam,Enterpreneur,Jalgaon,5'5'',,,
481,Harish Kotkar,11-May-2020 10.10 PM,Gahilam,Enterpreneur,Nandurbar,5'5'',,,
482,Harish Kotkar,11-May-2020 10.10 PM,Gahilam,Enterpreneur,Surat,5'5'',,,
483,Harish Kotkar,11-May-2020 10.10 PM,Gahilam,Enterpreneur,ForeignCountry,5'5'',,,
484,Harish Kotkar,11-May-2020 10.10 PM,Gahilam,Enterpreneur,Other,5'5'',,,
485,Harish Kotkar,11-May-2020 10.10 PM,Gahilam,Builder,Mumbai,5'5'',,,
486,Harish Kotkar,11-May-2020 10.10 PM,Gahilam,Builder,Pune,5'5'',,,
487,Harish Kotkar,11-May-2020 10.10 PM,Gahilam,Builder,Nasik,5'5'',,,
488,Harish Kotkar,11-May-2020 10.10 PM,Gahilam,Builder,Nagpur,5'5'',,,
489,Harish Kotkar,11-May-2020 10.10 PM,Gahilam,Builder,Aurangabad,5'5'',,,
490,Harish Kotkar,11-May-2020 10.10 PM,Gahilam,Builder,Dhule,5'5'',,,
491,Harish Kotkar,11-May-2020 10.10 PM,Gahilam,Builder,Jalgaon,5'5'',,,
492,Harish Kotkar,11-May-2020 10.10 PM,Gahilam,Builder,Nandurbar,5'5'',,,
493,Harish Kotkar,11-May-2020 10.10 PM,Gahilam,Builder,Surat,5'5'',,,
494,Harish Kotkar,11-May-2020 10.10 PM,Gahilam,Builder,ForeignCountry,5'5'',,,
495,Harish Kotkar,11-May-2020 10.10 PM,Gahilam,Builder,Other,5'5'',,,
496,Harish Kotkar,11-May-2020 10.10 PM,Gahilam,Teacher,Mumbai,5'5'',,,
497,Harish Kotkar,11-May-2020 10.10 PM,Gahilam,Teacher,Pune,5'5'',,,
498,Harish Kotkar,11-May-2020 10.10 PM,Gahilam,Teacher,Nasik,5'5'',,,
499,Harish Kotkar,11-May-2020 10.10 PM,Gahilam,Teacher,Nagpur,5'5'',,,
500,Harish Kotkar,11-May-2020 10.10 PM,Gahilam,Teacher,Aurangabad,5'5'',,,
501,Harish Kotkar,11-May-2020 10.10 PM,Gahilam,Teacher,Dhule,5'5'',,,
502,Harish Kotkar,11-May-2020 10.10 PM,Gahilam,Teacher,Jalgaon,5'5'',,,
503,Harish Kotkar,11-May-2020 10.10 PM,Gahilam,Teacher,Nandurbar,5'5'',,,
504,Harish Kotkar,11-May-2020 10.10 PM,Gahilam,Teacher,Surat,5'5'',,,
505,Harish Kotkar,11-May-2020 10.10 PM,Gahilam,Teacher,ForeignCountry,5'5'',,,
506,Harish Kotkar,11-May-2020 10.10 PM,Gahilam,Teacher,Other,5'5'',,,
507,Harish Kotkar,11-May-2020 10.10 PM,Gahilam,Farmar,Mumbai,5'5'',,,
508,Harish Kotkar,11-May-2020 10.10 PM,Gahilam,Farmar,Pune,5'5'',,,
509,Harish Kotkar,11-May-2020 10.10 PM,Gahilam,Farmar,Nasik,5'5'',,,
510,Harish Kotkar,11-May-2020 10.10 PM,Gahilam,Farmar,Nagpur,5'5'',,,
511,Harish Kotkar,11-May-2020 10.10 PM,Gahilam,Farmar,Aurangabad,5'5'',,,
512,Harish Kotkar,11-May-2020 10.10 PM,Gahilam,Farmar,Dhule,5'5'',,,
513,Harish Kotkar,11-May-2020 10.10 PM,Gahilam,Farmar,Jalgaon,5'5'',,,
514,Harish Kotkar,11-May-2020 10.10 PM,Gahilam,Farmar,Nandurbar,5'5'',,,
515,Harish Kotkar,11-May-2020 10.10 PM,Gahilam,Farmar,Surat,5'5'',,,
516,Harish Kotkar,11-May-2020 10.10 PM,Gahilam,Farmar,ForeignCountry,5'5'',,,
517,Harish Kotkar,11-May-2020 10.10 PM,Gahilam,Farmar,Other,5'5'',,,
518,Harish Kotkar,11-May-2020 10.10 PM,Gahilam,BankManager,Mumbai,5'5'',,,
519,Harish Kotkar,11-May-2020 10.10 PM,Gahilam,BankManager,Pune,5'5'',,,
520,Harish Kotkar,11-May-2020 10.10 PM,Gahilam,BankManager,Nasik,5'5'',,,
521,Harish Kotkar,11-May-2020 10.10 PM,Gahilam,BankManager,Nagpur,5'5'',,,
522,Harish Kotkar,11-May-2020 10.10 PM,Gahilam,BankManager,Aurangabad,5'5'',,,
523,Harish Kotkar,11-May-2020 10.10 PM,Gahilam,BankManager,Dhule,5'5'',,,
524,Harish Kotkar,11-May-2020 10.10 PM,Gahilam,BankManager,Jalgaon,5'5'',,,
525,Harish Kotkar,11-May-2020 10.10 PM,Gahilam,BankManager,Nandurbar,5'5'',,,
526,Harish Kotkar,11-May-2020 10.10 PM,Gahilam,BankManager,Surat,5'5'',,,
527,Harish Kotkar,11-May-2020 10.10 PM,Gahilam,BankManager,ForeignCountry,5'5'',,,
528,Harish Kotkar,11-May-2020 10.10 PM,Gahilam,BankManager,Other,5'5'',,,
529,Harish Kotkar,11-May-2020 10.10 PM,Gahilam,Pharmacist,Mumbai,5'5'',,,
530,Harish Kotkar,11-May-2020 10.10 PM,Gahilam,Pharmacist,Pune,5'5'',,,
531,Harish Kotkar,11-May-2020 10.10 PM,Gahilam,Pharmacist,Nasik,5'5'',,,
532,Harish Kotkar,11-May-2020 10.10 PM,Gahilam,Pharmacist,Nagpur,5'5'',,,
533,Harish Kotkar,11-May-2020 10.10 PM,Gahilam,Pharmacist,Aurangabad,5'5'',,,
534,Harish Kotkar,11-May-2020 10.10 PM,Gahilam,Pharmacist,Dhule,5'5'',,,
535,Harish Kotkar,11-May-2020 10.10 PM,Gahilam,Pharmacist,Jalgaon,5'5'',,,
536,Harish Kotkar,11-May-2020 10.10 PM,Gahilam,Pharmacist,Nandurbar,5'5'',,,
537,Harish Kotkar,11-May-2020 10.10 PM,Gahilam,Pharmacist,Surat,5'5'',,,
538,Harish Kotkar,11-May-2020 10.10 PM,Gahilam,Pharmacist,ForeignCountry,5'5'',,,
539,Harish Kotkar,11-May-2020 10.10 PM,Gahilam,Pharmacist,Other,5'5'',,,
540,Harish Kotkar,11-May-2020 10.10 PM,Gahilam,MR,Mumbai,5'5'',,,
541,Harish Kotkar,11-May-2020 10.10 PM,Gahilam,MR,Pune,5'5'',,,
542,Harish Kotkar,11-May-2020 10.10 PM,Gahilam,MR,Nasik,5'5'',,,
543,Harish Kotkar,11-May-2020 10.10 PM,Gahilam,MR,Nagpur,5'5'',,,
544,Harish Kotkar,11-May-2020 10.10 PM,Gahilam,MR,Aurangabad,5'5'',,,
545,Harish Kotkar,11-May-2020 10.10 PM,Gahilam,MR,Dhule,5'5'',,,
546,Harish Kotkar,11-May-2020 10.10 PM,Gahilam,MR,Jalgaon,5'5'',,,
547,Harish Kotkar,11-May-2020 10.10 PM,Gahilam,MR,Nandurbar,5'5'',,,
548,Harish Kotkar,11-May-2020 10.10 PM,Gahilam,MR,Surat,5'5'',,,
549,Harish Kotkar,11-May-2020 10.10 PM,Gahilam,MR,ForeignCountry,5'5'',,,
550,Harish Kotkar,11-May-2020 10.10 PM,Gahilam,MR,Other,5'5'',,,
551,Harish Kotkar,11-May-2020 10.10 PM,Gahilam,InsuranceAdvisor,Mumbai,5'5'',,,
552,Harish Kotkar,11-May-2020 10.10 PM,Gahilam,InsuranceAdvisor,Pune,5'5'',,,
553,Harish Kotkar,11-May-2020 10.10 PM,Gahilam,InsuranceAdvisor,Nasik,5'5'',,,
554,Harish Kotkar,11-May-2020 10.10 PM,Gahilam,InsuranceAdvisor,Nagpur,5'5'',,,
555,Harish Kotkar,11-May-2020 10.10 PM,Gahilam,InsuranceAdvisor,Aurangabad,5'5'',,,
556,Harish Kotkar,11-May-2020 10.10 PM,Gahilam,InsuranceAdvisor,Dhule,5'5'',,,
557,Harish Kotkar,11-May-2020 10.10 PM,Gahilam,InsuranceAdvisor,Jalgaon,5'5'',,,
558,Harish Kotkar,11-May-2020 10.10 PM,Gahilam,InsuranceAdvisor,Nandurbar,5'5'',,,
559,Harish Kotkar,11-May-2020 10.10 PM,Gahilam,InsuranceAdvisor,Surat,5'5'',,,
560,Harish Kotkar,11-May-2020 10.10 PM,Gahilam,InsuranceAdvisor,ForeignCountry,5'5'',,,
561,Harish Kotkar,11-May-2020 10.10 PM,Gahilam,InsuranceAdvisor,Other,5'5'',,,
562,Harish Kotkar,11-May-2020 10.10 PM,Gahilam,Other,Mumbai,5'5'',,,
563,Harish Kotkar,11-May-2020 10.10 PM,Gahilam,Other,Pune,5'5'',,,
564,Harish Kotkar,11-May-2020 10.10 PM,Gahilam,Other,Nasik,5'5'',,,
565,Harish Kotkar,11-May-2020 10.10 PM,Gahilam,Other,Nagpur,5'5'',,,
566,Harish Kotkar,11-May-2020 10.10 PM,Gahilam,Other,Aurangabad,5'5'',,,
567,Harish Kotkar,11-May-2020 10.10 PM,Gahilam,Other,Dhule,5'5'',,,
568,Harish Kotkar,11-May-2020 10.10 PM,Gahilam,Other,Jalgaon,5'5'',,,
569,Harish Kotkar,11-May-2020 10.10 PM,Gahilam,Other,Nandurbar,5'5'',,,
570,Harish Kotkar,11-May-2020 10.10 PM,Gahilam,Other,Surat,5'5'',,,
571,Harish Kotkar,11-May-2020 10.10 PM,Gahilam,Other,ForeignCountry,5'5'',,,
572,Harish Kotkar,11-May-2020 10.10 PM,Gahilam,Other,Other,5'5'',,,
573,Harish Kotkar,11-May-2020 10.10 PM,Gautam,Engineer,Mumbai,5'5'',,,
574,Harish Kotkar,11-May-2020 10.10 PM,Gautam,Engineer,Pune,5'5'',,,
575,Harish Kotkar,11-May-2020 10.10 PM,Gautam,Engineer,Nasik,5'5'',,,
576,Harish Kotkar,11-May-2020 10.10 PM,Gautam,Engineer,Nagpur,5'5'',,,
577,Harish Kotkar,11-May-2020 10.10 PM,Gautam,Engineer,Aurangabad,5'5'',,,
578,Harish Kotkar,11-May-2020 10.10 PM,Gautam,Engineer,Dhule,5'5'',,,
579,Harish Kotkar,11-May-2020 10.10 PM,Gautam,Engineer,Jalgaon,5'5'',,,
580,Harish Kotkar,11-May-2020 10.10 PM,Gautam,Engineer,Nandurbar,5'5'',,,
581,Harish Kotkar,11-May-2020 10.10 PM,Gautam,Engineer,Surat,5'5'',,,
582,Harish Kotkar,11-May-2020 10.10 PM,Gautam,Engineer,ForeignCountry,5'5'',,,
583,Harish Kotkar,11-May-2020 10.10 PM,Gautam,Engineer,Other,5'5'',,,
584,Harish Kotkar,11-May-2020 10.10 PM,Gautam,Doctor,Mumbai,5'5'',,,
585,Harish Kotkar,11-May-2020 10.10 PM,Gautam,Doctor,Pune,5'5'',,,
586,Harish Kotkar,11-May-2020 10.10 PM,Gautam,Doctor,Nasik,5'5'',,,
587,Harish Kotkar,11-May-2020 10.10 PM,Gautam,Doctor,Nagpur,5'5'',,,
588,Harish Kotkar,11-May-2020 10.10 PM,Gautam,Doctor,Aurangabad,5'5'',,,
589,Harish Kotkar,11-May-2020 10.10 PM,Gautam,Doctor,Dhule,5'5'',,,
590,Harish Kotkar,11-May-2020 10.10 PM,Gautam,Doctor,Jalgaon,5'5'',,,
591,Harish Kotkar,11-May-2020 10.10 PM,Gautam,Doctor,Nandurbar,5'5'',,,
592,Harish Kotkar,11-May-2020 10.10 PM,Gautam,Doctor,Surat,5'5'',,,
593,Harish Kotkar,11-May-2020 10.10 PM,Gautam,Doctor,ForeignCountry,5'5'',,,
594,Harish Kotkar,11-May-2020 10.10 PM,Gautam,Doctor,Other,5'5'',,,
595,Harish Kotkar,11-May-2020 10.10 PM,Gautam,CA,Mumbai,5'5'',,,
596,Harish Kotkar,11-May-2020 10.10 PM,Gautam,CA,Pune,5'5'',,,
597,Harish Kotkar,11-May-2020 10.10 PM,Gautam,CA,Nasik,5'5'',,,
598,Harish Kotkar,11-May-2020 10.10 PM,Gautam,CA,Nagpur,5'5'',,,
599,Harish Kotkar,11-May-2020 10.10 PM,Gautam,CA,Aurangabad,5'5'',,,
600,Harish Kotkar,11-May-2020 10.10 PM,Gautam,CA,Dhule,5'5'',,,
601,Harish Kotkar,11-May-2020 10.10 PM,Gautam,CA,Jalgaon,5'5'',,,
602,Harish Kotkar,11-May-2020 10.10 PM,Gautam,CA,Nandurbar,5'5'',,,
603,Harish Kotkar,11-May-2020 10.10 PM,Gautam,CA,Surat,5'5'',,,
604,Harish Kotkar,11-May-2020 10.10 PM,Gautam,CA,ForeignCountry,5'5'',,,
605,Harish Kotkar,11-May-2020 10.10 PM,Gautam,CA,Other,5'5'',,,
606,Harish Kotkar,11-May-2020 10.10 PM,Gautam,Businessman,Mumbai,5'5'',,,
607,Harish Kotkar,11-May-2020 10.10 PM,Gautam,Businessman,Pune,5'5'',,,
608,Harish Kotkar,11-May-2020 10.10 PM,Gautam,Businessman,Nasik,5'5'',,,
609,Harish Kotkar,11-May-2020 10.10 PM,Gautam,Businessman,Nagpur,5'5'',,,
610,Harish Kotkar,11-May-2020 10.10 PM,Gautam,Businessman,Aurangabad,5'5'',,,
611,Harish Kotkar,11-May-2020 10.10 PM,Gautam,Businessman,Dhule,5'5'',,,
612,Harish Kotkar,11-May-2020 10.10 PM,Gautam,Businessman,Jalgaon,5'5'',,,
613,Harish Kotkar,11-May-2020 10.10 PM,Gautam,Businessman,Nandurbar,5'5'',,,
614,Harish Kotkar,11-May-2020 10.10 PM,Gautam,Businessman,Surat,5'5'',,,
615,Harish Kotkar,11-May-2020 10.10 PM,Gautam,Businessman,ForeignCountry,5'5'',,,
616,Harish Kotkar,11-May-2020 10.10 PM,Gautam,Businessman,Other,5'5'',,,
617,Harish Kotkar,11-May-2020 10.10 PM,Gautam,Enterpreneur,Mumbai,5'5'',,,
618,Harish Kotkar,11-May-2020 10.10 PM,Gautam,Enterpreneur,Pune,5'5'',,,
619,Harish Kotkar,11-May-2020 10.10 PM,Gautam,Enterpreneur,Nasik,5'5'',,,
620,Harish Kotkar,11-May-2020 10.10 PM,Gautam,Enterpreneur,Nagpur,5'5'',,,
621,Harish Kotkar,11-May-2020 10.10 PM,Gautam,Enterpreneur,Aurangabad,5'5'',,,
622,Harish Kotkar,11-May-2020 10.10 PM,Gautam,Enterpreneur,Dhule,5'5'',,,
623,Harish Kotkar,11-May-2020 10.10 PM,Gautam,Enterpreneur,Jalgaon,5'5'',,,
624,Harish Kotkar,11-May-2020 10.10 PM,Gautam,Enterpreneur,Nandurbar,5'5'',,,
625,Harish Kotkar,11-May-2020 10.10 PM,Gautam,Enterpreneur,Surat,5'5'',,,
626,Harish Kotkar,11-May-2020 10.10 PM,Gautam,Enterpreneur,ForeignCountry,5'5'',,,
627,Harish Kotkar,11-May-2020 10.10 PM,Gautam,Enterpreneur,Other,5'5'',,,
628,Harish Kotkar,11-May-2020 10.10 PM,Gautam,Builder,Mumbai,5'5'',,,
629,Harish Kotkar,11-May-2020 10.10 PM,Gautam,Builder,Pune,5'5'',,,
630,Harish Kotkar,11-May-2020 10.10 PM,Gautam,Builder,Nasik,5'5'',,,
631,Harish Kotkar,11-May-2020 10.10 PM,Gautam,Builder,Nagpur,5'5'',,,
632,Harish Kotkar,11-May-2020 10.10 PM,Gautam,Builder,Aurangabad,5'5'',,,
633,Harish Kotkar,11-May-2020 10.10 PM,Gautam,Builder,Dhule,5'5'',,,
634,Harish Kotkar,11-May-2020 10.10 PM,Gautam,Builder,Jalgaon,5'5'',,,
635,Harish Kotkar,11-May-2020 10.10 PM,Gautam,Builder,Nandurbar,5'5'',,,
636,Harish Kotkar,11-May-2020 10.10 PM,Gautam,Builder,Surat,5'5'',,,
637,Harish Kotkar,11-May-2020 10.10 PM,Gautam,Builder,ForeignCountry,5'5'',,,
638,Harish Kotkar,11-May-2020 10.10 PM,Gautam,Builder,Other,5'5'',,,
639,Harish Kotkar,11-May-2020 10.10 PM,Gautam,Teacher,Mumbai,5'5'',,,
640,Harish Kotkar,11-May-2020 10.10 PM,Gautam,Teacher,Pune,5'5'',,,
641,Harish Kotkar,11-May-2020 10.10 PM,Gautam,Teacher,Nasik,5'5'',,,
642,Harish Kotkar,11-May-2020 10.10 PM,Gautam,Teacher,Nagpur,5'5'',,,
643,Harish Kotkar,11-May-2020 10.10 PM,Gautam,Teacher,Aurangabad,5'5'',,,
644,Harish Kotkar,11-May-2020 10.10 PM,Gautam,Teacher,Dhule,5'5'',,,
645,Harish Kotkar,11-May-2020 10.10 PM,Gautam,Teacher,Jalgaon,5'5'',,,
646,Harish Kotkar,11-May-2020 10.10 PM,Gautam,Teacher,Nandurbar,5'5'',,,
647,Harish Kotkar,11-May-2020 10.10 PM,Gautam,Teacher,Surat,5'5'',,,
648,Harish Kotkar,11-May-2020 10.10 PM,Gautam,Teacher,ForeignCountry,5'5'',,,
649,Harish Kotkar,11-May-2020 10.10 PM,Gautam,Teacher,Other,5'5'',,,
650,Harish Kotkar,11-May-2020 10.10 PM,Gautam,Farmar,Mumbai,5'5'',,,
651,Harish Kotkar,11-May-2020 10.10 PM,Gautam,Farmar,Pune,5'5'',,,
652,Harish Kotkar,11-May-2020 10.10 PM,Gautam,Farmar,Nasik,5'5'',,,
653,Harish Kotkar,11-May-2020 10.10 PM,Gautam,Farmar,Nagpur,5'5'',,,
654,Harish Kotkar,11-May-2020 10.10 PM,Gautam,Farmar,Aurangabad,5'5'',,,
655,Harish Kotkar,11-May-2020 10.10 PM,Gautam,Farmar,Dhule,5'5'',,,
656,Harish Kotkar,11-May-2020 10.10 PM,Gautam,Farmar,Jalgaon,5'5'',,,
657,Harish Kotkar,11-May-2020 10.10 PM,Gautam,Farmar,Nandurbar,5'5'',,,
658,Harish Kotkar,11-May-2020 10.10 PM,Gautam,Farmar,Surat,5'5'',,,
659,Harish Kotkar,11-May-2020 10.10 PM,Gautam,Farmar,ForeignCountry,5'5'',,,
660,Harish Kotkar,11-May-2020 10.10 PM,Gautam,Farmar,Other,5'5'',,,
661,Harish Kotkar,11-May-2020 10.10 PM,Gautam,BankManager,Mumbai,5'5'',,,
662,Harish Kotkar,11-May-2020 10.10 PM,Gautam,BankManager,Pune,5'5'',,,
663,Harish Kotkar,11-May-2020 10.10 PM,Gautam,BankManager,Nasik,5'5'',,,
664,Harish Kotkar,11-May-2020 10.10 PM,Gautam,BankManager,Nagpur,5'5'',,,
665,Harish Kotkar,11-May-2020 10.10 PM,Gautam,BankManager,Aurangabad,5'5'',,,
666,Harish Kotkar,11-May-2020 10.10 PM,Gautam,BankManager,Dhule,5'5'',,,
667,Harish Kotkar,11-May-2020 10.10 PM,Gautam,BankManager,Jalgaon,5'5'',,,
668,Harish Kotkar,11-May-2020 10.10 PM,Gautam,BankManager,Nandurbar,5'5'',,,
669,Harish Kotkar,11-May-2020 10.10 PM,Gautam,BankManager,Surat,5'5'',,,
670,Harish Kotkar,11-May-2020 10.10 PM,Gautam,BankManager,ForeignCountry,5'5'',,,
671,Harish Kotkar,11-May-2020 10.10 PM,Gautam,BankManager,Other,5'5'',,,
672,Harish Kotkar,11-May-2020 10.10 PM,Gautam,Pharmacist,Mumbai,5'5'',,,
673,Harish Kotkar,11-May-2020 10.10 PM,Gautam,Pharmacist,Pune,5'5'',,,
674,Harish Kotkar,11-May-2020 10.10 PM,Gautam,Pharmacist,Nasik,5'5'',,,
675,Harish Kotkar,11-May-2020 10.10 PM,Gautam,Pharmacist,Nagpur,5'5'',,,
676,Harish Kotkar,11-May-2020 10.10 PM,Gautam,Pharmacist,Aurangabad,5'5'',,,
677,Harish Kotkar,11-May-2020 10.10 PM,Gautam,Pharmacist,Dhule,5'5'',,,
678,Harish Kotkar,11-May-2020 10.10 PM,Gautam,Pharmacist,Jalgaon,5'5'',,,
679,Harish Kotkar,11-May-2020 10.10 PM,Gautam,Pharmacist,Nandurbar,5'5'',,,
680,Harish Kotkar,11-May-2020 10.10 PM,Gautam,Pharmacist,Surat,5'5'',,,
681,Harish Kotkar,11-May-2020 10.10 PM,Gautam,Pharmacist,ForeignCountry,5'5'',,,
682,Harish Kotkar,11-May-2020 10.10 PM,Gautam,Pharmacist,Other,5'5'',,,
683,Harish Kotkar,11-May-2020 10.10 PM,Gautam,MR,Mumbai,5'5'',,,
684,Harish Kotkar,11-May-2020 10.10 PM,Gautam,MR,Pune,5'5'',,,
685,Harish Kotkar,11-May-2020 10.10 PM,Gautam,MR,Nasik,5'5'',,,
686,Harish Kotkar,11-May-2020 10.10 PM,Gautam,MR,Nagpur,5'5'',,,
687,Harish Kotkar,11-May-2020 10.10 PM,Gautam,MR,Aurangabad,5'5'',,,
688,Harish Kotkar,11-May-2020 10.10 PM,Gautam,MR,Dhule,5'5'',,,
689,Harish Kotkar,11-May-2020 10.10 PM,Gautam,MR,Jalgaon,5'5'',,,
690,Harish Kotkar,11-May-2020 10.10 PM,Gautam,MR,Nandurbar,5'5'',,,
691,Harish Kotkar,11-May-2020 10.10 PM,Gautam,MR,Surat,5'5'',,,
692,Harish Kotkar,11-May-2020 10.10 PM,Gautam,MR,ForeignCountry,5'5'',,,
693,Harish Kotkar,11-May-2020 10.10 PM,Gautam,MR,Other,5'5'',,,
694,Harish Kotkar,11-May-2020 10.10 PM,Gautam,InsuranceAdvisor,Mumbai,5'5'',,,
695,Harish Kotkar,11-May-2020 10.10 PM,Gautam,InsuranceAdvisor,Pune,5'5'',,,
696,Harish Kotkar,11-May-2020 10.10 PM,Gautam,InsuranceAdvisor,Nasik,5'5'',,,
697,Harish Kotkar,11-May-2020 10.10 PM,Gautam,InsuranceAdvisor,Nagpur,5'5'',,,
698,Harish Kotkar,11-May-2020 10.10 PM,Gautam,InsuranceAdvisor,Aurangabad,5'5'',,,
699,Harish Kotkar,11-May-2020 10.10 PM,Gautam,InsuranceAdvisor,Dhule,5'5'',,,
700,Harish Kotkar,11-May-2020 10.10 PM,Gautam,InsuranceAdvisor,Jalgaon,5'5'',,,
701,Harish Kotkar,11-May-2020 10.10 PM,Gautam,InsuranceAdvisor,Nandurbar,5'5'',,,
702,Harish Kotkar,11-May-2020 10.10 PM,Gautam,InsuranceAdvisor,Surat,5'5'',,,
703,Harish Kotkar,11-May-2020 10.10 PM,Gautam,InsuranceAdvisor,ForeignCountry,5'5'',,,
704,Harish Kotkar,11-May-2020 10.10 PM,Gautam,InsuranceAdvisor,Other,5'5'',,,
705,Harish Kotkar,11-May-2020 10.10 PM,Gautam,Other,Mumbai,5'5'',,,
706,Harish Kotkar,11-May-2020 10.10 PM,Gautam,Other,Pune,5'5'',,,
707,Harish Kotkar,11-May-2020 10.10 PM,Gautam,Other,Nasik,5'5'',,,
708,Harish Kotkar,11-May-2020 10.10 PM,Gautam,Other,Nagpur,5'5'',,,
709,Harish Kotkar,11-May-2020 10.10 PM,Gautam,Other,Aurangabad,5'5'',,,
710,Harish Kotkar,11-May-2020 10.10 PM,Gautam,Other,Dhule,5'5'',,,
711,Harish Kotkar,11-May-2020 10.10 PM,Gautam,Other,Jalgaon,5'5'',,,
712,Harish Kotkar,11-May-2020 10.10 PM,Gautam,Other,Nandurbar,5'5'',,,
713,Harish Kotkar,11-May-2020 10.10 PM,Gautam,Other,Surat,5'5'',,,
714,Harish Kotkar,11-May-2020 10.10 PM,Gautam,Other,ForeignCountry,5'5'',,,
715,Harish Kotkar,11-May-2020 10.10 PM,Gautam,Other,Other,5'5'',,,
716,Harish Kotkar,11-May-2020 10.10 PM,Lokaksha,Engineer,Mumbai,5'5'',,,
717,Harish Kotkar,11-May-2020 10.10 PM,Lokaksha,Engineer,Pune,5'5'',,,
718,Harish Kotkar,11-May-2020 10.10 PM,Lokaksha,Engineer,Nasik,5'5'',,,
719,Harish Kotkar,11-May-2020 10.10 PM,Lokaksha,Engineer,Nagpur,5'5'',,,
720,Harish Kotkar,11-May-2020 10.10 PM,Lokaksha,Engineer,Aurangabad,5'5'',,,
721,Harish Kotkar,11-May-2020 10.10 PM,Lokaksha,Engineer,Dhule,5'5'',,,
722,Harish Kotkar,11-May-2020 10.10 PM,Lokaksha,Engineer,Jalgaon,5'5'',,,
723,Harish Kotkar,11-May-2020 10.10 PM,Lokaksha,Engineer,Nandurbar,5'5'',,,
724,Harish Kotkar,11-May-2020 10.10 PM,Lokaksha,Engineer,Surat,5'5'',,,
725,Harish Kotkar,11-May-2020 10.10 PM,Lokaksha,Engineer,ForeignCountry,5'5'',,,
726,Harish Kotkar,11-May-2020 10.10 PM,Lokaksha,Engineer,Other,5'5'',,,
727,Harish Kotkar,11-May-2020 10.10 PM,Lokaksha,Doctor,Mumbai,5'5'',,,
728,Harish Kotkar,11-May-2020 10.10 PM,Lokaksha,Doctor,Pune,5'5'',,,
729,Harish Kotkar,11-May-2020 10.10 PM,Lokaksha,Doctor,Nasik,5'5'',,,
730,Harish Kotkar,11-May-2020 10.10 PM,Lokaksha,Doctor,Nagpur,5'5'',,,
731,Harish Kotkar,11-May-2020 10.10 PM,Lokaksha,Doctor,Aurangabad,5'5'',,,
732,Harish Kotkar,11-May-2020 10.10 PM,Lokaksha,Doctor,Dhule,5'5'',,,
733,Harish Kotkar,11-May-2020 10.10 PM,Lokaksha,Doctor,Jalgaon,5'5'',,,
734,Harish Kotkar,11-May-2020 10.10 PM,Lokaksha,Doctor,Nandurbar,5'5'',,,
735,Harish Kotkar,11-May-2020 10.10 PM,Lokaksha,Doctor,Surat,5'5'',,,
736,Harish Kotkar,11-May-2020 10.10 PM,Lokaksha,Doctor,ForeignCountry,5'5'',,,
737,Harish Kotkar,11-May-2020 10.10 PM,Lokaksha,Doctor,Other,5'5'',,,
738,Harish Kotkar,11-May-2020 10.10 PM,Lokaksha,CA,Mumbai,5'5'',,,
739,Harish Kotkar,11-May-2020 10.10 PM,Lokaksha,CA,Pune,5'5'',,,
740,Harish Kotkar,11-May-2020 10.10 PM,Lokaksha,CA,Nasik,5'5'',,,
741,Harish Kotkar,11-May-2020 10.10 PM,Lokaksha,CA,Nagpur,5'5'',,,
742,Harish Kotkar,11-May-2020 10.10 PM,Lokaksha,CA,Aurangabad,5'5'',,,
743,Harish Kotkar,11-May-2020 10.10 PM,Lokaksha,CA,Dhule,5'5'',,,
744,Harish Kotkar,11-May-2020 10.10 PM,Lokaksha,CA,Jalgaon,5'5'',,,
745,Harish Kotkar,11-May-2020 10.10 PM,Lokaksha,CA,Nandurbar,5'5'',,,
746,Harish Kotkar,11-May-2020 10.10 PM,Lokaksha,CA,Surat,5'5'',,,
747,Harish Kotkar,11-May-2020 10.10 PM,Lokaksha,CA,ForeignCountry,5'5'',,,
748,Harish Kotkar,11-May-2020 10.10 PM,Lokaksha,CA,Other,5'5'',,,
749,Harish Kotkar,11-May-2020 10.10 PM,Lokaksha,Businessman,Mumbai,5'5'',,,
750,Harish Kotkar,11-May-2020 10.10 PM,Lokaksha,Businessman,Pune,5'5'',,,
751,Harish Kotkar,11-May-2020 10.10 PM,Lokaksha,Businessman,Nasik,5'5'',,,
752,Harish Kotkar,11-May-2020 10.10 PM,Lokaksha,Businessman,Nagpur,5'5'',,,
753,Harish Kotkar,11-May-2020 10.10 PM,Lokaksha,Businessman,Aurangabad,5'5'',,,
754,Harish Kotkar,11-May-2020 10.10 PM,Lokaksha,Businessman,Dhule,5'5'',,,
755,Harish Kotkar,11-May-2020 10.10 PM,Lokaksha,Businessman,Jalgaon,5'5'',,,
756,Harish Kotkar,11-May-2020 10.10 PM,Lokaksha,Businessman,Nandurbar,5'5'',,,
757,Harish Kotkar,11-May-2020 10.10 PM,Lokaksha,Businessman,Surat,5'5'',,,
758,Harish Kotkar,11-May-2020 10.10 PM,Lokaksha,Businessman,ForeignCountry,5'5'',,,
759,Harish Kotkar,11-May-2020 10.10 PM,Lokaksha,Businessman,Other,5'5'',,,
760,Harish Kotkar,11-May-2020 10.10 PM,Lokaksha,Enterpreneur,Mumbai,5'5'',,,
761,Harish Kotkar,11-May-2020 10.10 PM,Lokaksha,Enterpreneur,Pune,5'5'',,,
762,Harish Kotkar,11-May-2020 10.10 PM,Lokaksha,Enterpreneur,Nasik,5'5'',,,
763,Harish Kotkar,11-May-2020 10.10 PM,Lokaksha,Enterpreneur,Nagpur,5'5'',,,
764,Harish Kotkar,11-May-2020 10.10 PM,Lokaksha,Enterpreneur,Aurangabad,5'5'',,,
765,Harish Kotkar,11-May-2020 10.10 PM,Lokaksha,Enterpreneur,Dhule,5'5'',,,
766,Harish Kotkar,11-May-2020 10.10 PM,Lokaksha,Enterpreneur,Jalgaon,5'5'',,,
767,Harish Kotkar,11-May-2020 10.10 PM,Lokaksha,Enterpreneur,Nandurbar,5'5'',,,
768,Harish Kotkar,11-May-2020 10.10 PM,Lokaksha,Enterpreneur,Surat,5'5'',,,
769,Harish Kotkar,11-May-2020 10.10 PM,Lokaksha,Enterpreneur,ForeignCountry,5'5'',,,
770,Harish Kotkar,11-May-2020 10.10 PM,Lokaksha,Enterpreneur,Other,5'5'',,,
771,Harish Kotkar,11-May-2020 10.10 PM,Lokaksha,Builder,Mumbai,5'5'',,,
772,Harish Kotkar,11-May-2020 10.10 PM,Lokaksha,Builder,Pune,5'5'',,,
773,Harish Kotkar,11-May-2020 10.10 PM,Lokaksha,Builder,Nasik,5'5'',,,
774,Harish Kotkar,11-May-2020 10.10 PM,Lokaksha,Builder,Nagpur,5'5'',,,
775,Harish Kotkar,11-May-2020 10.10 PM,Lokaksha,Builder,Aurangabad,5'5'',,,
776,Harish Kotkar,11-May-2020 10.10 PM,Lokaksha,Builder,Dhule,5'5'',,,
777,Harish Kotkar,11-May-2020 10.10 PM,Lokaksha,Builder,Jalgaon,5'5'',,,
778,Harish Kotkar,11-May-2020 10.10 PM,Lokaksha,Builder,Nandurbar,5'5'',,,
779,Harish Kotkar,11-May-2020 10.10 PM,Lokaksha,Builder,Surat,5'5'',,,
780,Harish Kotkar,11-May-2020 10.10 PM,Lokaksha,Builder,ForeignCountry,5'5'',,,
781,Harish Kotkar,11-May-2020 10.10 PM,Lokaksha,Builder,Other,5'5'',,,
782,Harish Kotkar,11-May-2020 10.10 PM,Lokaksha,Teacher,Mumbai,5'5'',,,
783,Harish Kotkar,11-May-2020 10.10 PM,Lokaksha,Teacher,Pune,5'5'',,,
784,Harish Kotkar,11-May-2020 10.10 PM,Lokaksha,Teacher,Nasik,5'5'',,,
785,Harish Kotkar,11-May-2020 10.10 PM,Lokaksha,Teacher,Nagpur,5'5'',,,
786,Harish Kotkar,11-May-2020 10.10 PM,Lokaksha,Teacher,Aurangabad,5'5'',,,
787,Harish Kotkar,11-May-2020 10.10 PM,Lokaksha,Teacher,Dhule,5'5'',,,
788,Harish Kotkar,11-May-2020 10.10 PM,Lokaksha,Teacher,Jalgaon,5'5'',,,
789,Harish Kotkar,11-May-2020 10.10 PM,Lokaksha,Teacher,Nandurbar,5'5'',,,
790,Harish Kotkar,11-May-2020 10.10 PM,Lokaksha,Teacher,Surat,5'5'',,,
791,Harish Kotkar,11-May-2020 10.10 PM,Lokaksha,Teacher,ForeignCountry,5'5'',,,
792,Harish Kotkar,11-May-2020 10.10 PM,Lokaksha,Teacher,Other,5'5'',,,
793,Harish Kotkar,11-May-2020 10.10 PM,Lokaksha,Farmar,Mumbai,5'5'',,,
794,Harish Kotkar,11-May-2020 10.10 PM,Lokaksha,Farmar,Pune,5'5'',,,
795,Harish Kotkar,11-May-2020 10.10 PM,Lokaksha,Farmar,Nasik,5'5'',,,
796,Harish Kotkar,11-May-2020 10.10 PM,Lokaksha,Farmar,Nagpur,5'5'',,,
797,Harish Kotkar,11-May-2020 10.10 PM,Lokaksha,Farmar,Aurangabad,5'5'',,,
798,Harish Kotkar,11-May-2020 10.10 PM,Lokaksha,Farmar,Dhule,5'5'',,,
799,Harish Kotkar,11-May-2020 10.10 PM,Lokaksha,Farmar,Jalgaon,5'5'',,,
800,Harish Kotkar,11-May-2020 10.10 PM,Lokaksha,Farmar,Nandurbar,5'5'',,,
801,Harish Kotkar,11-May-2020 10.10 PM,Lokaksha,Farmar,Surat,5'5'',,,
802,Harish Kotkar,11-May-2020 10.10 PM,Lokaksha,Farmar,ForeignCountry,5'5'',,,
803,Harish Kotkar,11-May-2020 10.10 PM,Lokaksha,Farmar,Other,5'5'',,,
804,Harish Kotkar,11-May-2020 10.10 PM,Lokaksha,BankManager,Mumbai,5'5'',,,
805,Harish Kotkar,11-May-2020 10.10 PM,Lokaksha,BankManager,Pune,5'5'',,,
806,Harish Kotkar,11-May-2020 10.10 PM,Lokaksha,BankManager,Nasik,5'5'',,,
807,Harish Kotkar,11-May-2020 10.10 PM,Lokaksha,BankManager,Nagpur,5'5'',,,
808,Harish Kotkar,11-May-2020 10.10 PM,Lokaksha,BankManager,Aurangabad,5'5'',,,
809,Harish Kotkar,11-May-2020 10.10 PM,Lokaksha,BankManager,Dhule,5'5'',,,
810,Harish Kotkar,11-May-2020 10.10 PM,Lokaksha,BankManager,Jalgaon,5'5'',,,
811,Harish Kotkar,11-May-2020 10.10 PM,Lokaksha,BankManager,Nandurbar,5'5'',,,
812,Harish Kotkar,11-May-2020 10.10 PM,Lokaksha,BankManager,Surat,5'5'',,,
813,Harish Kotkar,11-May-2020 10.10 PM,Lokaksha,BankManager,ForeignCountry,5'5'',,,
814,Harish Kotkar,11-May-2020 10.10 PM,Lokaksha,BankManager,Other,5'5'',,,
815,Harish Kotkar,11-May-2020 10.10 PM,Lokaksha,Pharmacist,Mumbai,5'5'',,,
816,Harish Kotkar,11-May-2020 10.10 PM,Lokaksha,Pharmacist,Pune,5'5'',,,
817,Harish Kotkar,11-May-2020 10.10 PM,Lokaksha,Pharmacist,Nasik,5'5'',,,
818,Harish Kotkar,11-May-2020 10.10 PM,Lokaksha,Pharmacist,Nagpur,5'5'',,,
819,Harish Kotkar,11-May-2020 10.10 PM,Lokaksha,Pharmacist,Aurangabad,5'5'',,,
820,Harish Kotkar,11-May-2020 10.10 PM,Lokaksha,Pharmacist,Dhule,5'5'',,,
821,Harish Kotkar,11-May-2020 10.10 PM,Lokaksha,Pharmacist,Jalgaon,5'5'',,,
822,Harish Kotkar,11-May-2020 10.10 PM,Lokaksha,Pharmacist,Nandurbar,5'5'',,,
823,Harish Kotkar,11-May-2020 10.10 PM,Lokaksha,Pharmacist,Surat,5'5'',,,
824,Harish Kotkar,11-May-2020 10.10 PM,Lokaksha,Pharmacist,ForeignCountry,5'5'',,,
825,Harish Kotkar,11-May-2020 10.10 PM,Lokaksha,Pharmacist,Other,5'5'',,,
826,Harish Kotkar,11-May-2020 10.10 PM,Lokaksha,MR,Mumbai,5'5'',,,
827,Harish Kotkar,11-May-2020 10.10 PM,Lokaksha,MR,Pune,5'5'',,,
828,Harish Kotkar,11-May-2020 10.10 PM,Lokaksha,MR,Nasik,5'5'',,,
829,Harish Kotkar,11-May-2020 10.10 PM,Lokaksha,MR,Nagpur,5'5'',,,
830,Harish Kotkar,11-May-2020 10.10 PM,Lokaksha,MR,Aurangabad,5'5'',,,
831,Harish Kotkar,11-May-2020 10.10 PM,Lokaksha,MR,Dhule,5'5'',,,
832,Harish Kotkar,11-May-2020 10.10 PM,Lokaksha,MR,Jalgaon,5'5'',,,
833,Harish Kotkar,11-May-2020 10.10 PM,Lokaksha,MR,Nandurbar,5'5'',,,
834,Harish Kotkar,11-May-2020 10.10 PM,Lokaksha,MR,Surat,5'5'',,,
835,Harish Kotkar,11-May-2020 10.10 PM,Lokaksha,MR,ForeignCountry,5'5'',,,
836,Harish Kotkar,11-May-2020 10.10 PM,Lokaksha,MR,Other,5'5'',,,
837,Harish Kotkar,11-May-2020 10.10 PM,Lokaksha,InsuranceAdvisor,Mumbai,5'5'',,,
838,Harish Kotkar,11-May-2020 10.10 PM,Lokaksha,InsuranceAdvisor,Pune,5'5'',,,
839,Harish Kotkar,11-May-2020 10.10 PM,Lokaksha,InsuranceAdvisor,Nasik,5'5'',,,
840,Harish Kotkar,11-May-2020 10.10 PM,Lokaksha,InsuranceAdvisor,Nagpur,5'5'',,,
841,Harish Kotkar,11-May-2020 10.10 PM,Lokaksha,InsuranceAdvisor,Aurangabad,5'5'',,,
842,Harish Kotkar,11-May-2020 10.10 PM,Lokaksha,InsuranceAdvisor,Dhule,5'5'',,,
843,Harish Kotkar,11-May-2020 10.10 PM,Lokaksha,InsuranceAdvisor,Jalgaon,5'5'',,,
844,Harish Kotkar,11-May-2020 10.10 PM,Lokaksha,InsuranceAdvisor,Nandurbar,5'5'',,,
845,Harish Kotkar,11-May-2020 10.10 PM,Lokaksha,InsuranceAdvisor,Surat,5'5'',,,
846,Harish Kotkar,11-May-2020 10.10 PM,Lokaksha,InsuranceAdvisor,ForeignCountry,5'5'',,,
847,Harish Kotkar,11-May-2020 10.10 PM,Lokaksha,InsuranceAdvisor,Other,5'5'',,,
848,Harish Kotkar,11-May-2020 10.10 PM,Lokaksha,Other,Mumbai,5'5'',,,
849,Harish Kotkar,11-May-2020 10.10 PM,Lokaksha,Other,Pune,5'5'',,,
850,Harish Kotkar,11-May-2020 10.10 PM,Lokaksha,Other,Nasik,5'5'',,,
851,Harish Kotkar,11-May-2020 10.10 PM,Lokaksha,Other,Nagpur,5'5'',,,
852,Harish Kotkar,11-May-2020 10.10 PM,Lokaksha,Other,Aurangabad,5'5'',,,
853,Harish Kotkar,11-May-2020 10.10 PM,Lokaksha,Other,Dhule,5'5'',,,
854,Harish Kotkar,11-May-2020 10.10 PM,Lokaksha,Other,Jalgaon,5'5'',,,
855,Harish Kotkar,11-May-2020 10.10 PM,Lokaksha,Other,Nandurbar,5'5'',,,
856,Harish Kotkar,11-May-2020 10.10 PM,Lokaksha,Other,Surat,5'5'',,,
857,Harish Kotkar,11-May-2020 10.10 PM,Lokaksha,Other,ForeignCountry,5'5'',,,
858,Harish Kotkar,11-May-2020 10.10 PM,Lokaksha,Other,Other,5'5'',,,
